,Q1DateofImage,Q2TimePeriod,Q3ImageNumber,Q4Relevancy,Q5Urgency,Q6TypeofImage,Q7DescriptionofImage,Q8Motifs,Q9Imageattributes,Q10Textattributes,ContainsMotif1,ContainsMotif2,ContainsMotif3,ContainsMotif4,ContainsMotif5,ContainsMotif6,ContainsMotif7,ContainsMotif8,ContainsMotif9,ContainsMotif10,ContainsMotif11
0,1,0,6,1,3,2,7,11,"map, weather radar", ,0,0,0,0,0,0,0,0,0,0,1
1,1,0,25,0,0, , ,"8,9","man, sunglasses, suit", ,0,0,0,0,0,0,0,1,1,0,0
2,1,0,28,1,4,2,"5,7","3,8,9,10","trees, flood, help", ,0,0,1,0,0,0,0,1,1,1,0
3,2,0,12,1,3,2,7,11,"weather, map, hurricane, tracker", ,0,0,0,0,0,0,0,0,0,0,1
4,2,0,14,1,3,2,7,11,"map, weather radar","Harvey, spanish",0,0,0,0,0,0,0,0,0,0,1
5,2,0,15,1,3,2,7,11,"map, weather radar", ,0,0,0,0,0,0,0,0,0,0,1
6,2,0,47,2,0, , ,11,black,warning,0,0,0,0,0,0,0,0,0,0,1
7,2,0,58,1,3,2,7,11,"map, weather radar", ,0,0,0,0,0,0,0,0,0,0,1
8,2,0,60,1,3,2,7,11,"map, tracker", ,0,0,0,0,0,0,0,0,0,0,1
9,3,0,3,0,0, , ,9,"face, burn, American Horror Story",FX,0,0,0,0,0,0,0,0,1,0,0
10,3,0,11,2,2,2,5,8,"lightning, sky", ,0,0,0,0,0,0,0,1,0,0,0
11,3,0,24,2,1,2, ,8,"clouds, sky, cars, highway", ,0,0,0,0,0,0,0,1,0,0,0
12,4,0,6,1,1, , ,7,"The Simpsons, storm, clouds", ,0,0,0,0,0,0,1,0,0,0,0
13,4,0,33,2,1,2,6,8,"tree, cloudy, flowers", ,0,0,0,0,0,0,0,1,0,0,0
14,4,0,17,0,0, , ,9,"Trump, sporting event, audience", ,0,0,0,0,0,0,0,0,1,0,0
15,5,0,12,1,3,2,7,11,"map, weather radar",time,0,0,0,0,0,0,0,0,0,0,1
16,5,0,14,0,0, , ,11,medicine,"gardenal, fenobarbital",0,0,0,0,0,0,0,0,0,0,1
17,6,0,7,2,2,2,5,"7,8,9","roof, house, smiley face", ,0,0,0,0,0,0,1,1,1,0,0
18,6,0,22,1,3,2, ,"1,11","storm, public service annoucement, warning",preperation,1,0,0,0,0,0,0,0,0,0,1
19,7,0,24,1,3,2,7,11,"map, storm, weather","Spanish, Harvey",0,0,0,0,0,0,0,0,0,0,1
20,7,0,30,1,3,2,7,11,"map, wind, weather radar","wind, tropical depression, mph",0,0,0,0,0,0,0,0,0,0,1
21,7,0,42,2,2,2,7,11,forecast,"temperature, percentage, days of week, average",0,0,0,0,0,0,0,0,0,0,1
22,7,0,44,2,0, , ,11,Texan flag, ,0,0,0,0,0,0,0,0,0,0,1
23,7,0,52,1,3,2,7,11,"map, weather radar","Harvey, gulf, Spanish",0,0,0,0,0,0,0,0,0,0,1
24,7,0,58,1,3,2,"6,7",8,"billboard, warning, highway",be prepared,0,0,0,0,0,0,0,1,0,0,0
25,8,0,106,2,1,3, ,9,musician,Hurricane,0,0,0,0,0,0,0,0,1,0,0
26,8,0,13,0,0, , ,"7,9","meme, Trump",2016 vs 2017,0,0,0,0,0,0,1,0,1,0,0
27,8,0,142,1,3,2,7,11,"map, warning","National Weather Service, mph, cities, Harvey",0,0,0,0,0,0,0,0,0,0,1
28,8,0,145,1,2,2,7,11,"map, weather radar","wind, gusts, mph, category",0,0,0,0,0,0,0,0,0,0,1
29,8,0,153,2,0, , ,"7,11","cartoon, Spongebob", ,0,0,0,0,0,0,1,0,0,0,1
30,8,0,165,1,1,3,6,"7,9","meme, movie",hurricane season,0,0,0,0,0,0,1,0,1,0,0
31,8,0,179,1,2,2,7,11,"map, weather radar, tracker","mph, time, location, movement",0,0,0,0,0,0,0,0,0,0,1
32,8,0,180,0,0, , ,"7,9","meme, Trump, Obama",eclipse,0,0,0,0,0,0,1,0,1,0,0
33,8,0,188,0,0, , ,"7,8","meme, treehouse", ,0,0,0,0,0,0,1,1,0,0,0
34,8,0,198,0,0, , ,9,"football, field", ,0,0,0,0,0,0,0,0,1,0,0
35,8,0,199,0,0, , ,9,Trump, ,0,0,0,0,0,0,0,0,1,0,0
36,8,0,20,0,0, , ,9,"wrestler, instagram, screenshot", ,0,0,0,0,0,0,0,0,1,0,0
37,8,0,200,1,3,2,7,11,"map, weather radar, satellite","tracking, movement, time",0,0,0,0,0,0,0,0,0,0,1
38,8,0,205,1,3,2,7,11,"map, storm, weather radar", ,0,0,0,0,0,0,0,0,0,0,1
39,8,0,206,0,0, , ,9,"TV show, Suits", ,0,0,0,0,0,0,0,0,1,0,0
40,8,0,211,2,0, , ,9,"person, kitchen, medicine", ,0,0,0,0,0,0,0,0,1,0,0
41,8,0,31,1,3,3,"6,8",11,screenshot,"advice, warning",0,0,0,0,0,0,0,0,0,0,1
42,8,0,34,1,1,3,6,"6,7,8,9","meme, Forest Gump, water, rain",rain,0,0,0,0,0,1,1,1,1,0,0
43,8,0,62,2,0, , ,9,"celebrity, Jay Z, glasses", ,0,0,0,0,0,0,0,0,1,0,0
44,8,0,72,1,3,2,7,11,"map, weather radar, hurricane",Naval Research Lab,0,0,0,0,0,0,0,0,0,0,1
45,8,0,79,1,2,2,7,11,"screenshot, map, tracking", ,0,0,0,0,0,0,0,0,0,0,1
46,8,0,88,0,2,2,7,11,"map, satellite, colors, weather radar",NOAA,0,0,0,0,0,0,0,0,0,0,1
47,9,0,103,1,1,3, ,"7,9","meme, celebrity, map", ,0,0,0,0,0,0,1,0,1,0,0
48,9,0,106,1,3,2,7,11,"screenshot, graphics, map","probability, wind speed",0,0,0,0,0,0,0,0,0,0,1
49,9,0,111,0,0, , ,"8,9","males, bench, grass", ,0,0,0,0,0,0,0,1,1,0,0
50,9,0,113,1,2,2,7,11,"map, weather radar",NOAA,0,0,0,0,0,0,0,0,0,0,1
51,9,0,117,1,2,2,7,"4,5,6,8,9,10",water, ,0,0,0,1,1,1,0,1,1,1,0
52,9,0,127,2,0, , ,8,"car, gas pump", ,0,0,0,0,0,0,0,1,0,0,0
53,9,0,130,1,2,2, ,8,space, ,0,0,0,0,0,0,0,1,0,0,0
54,9,0,150,1,2,2, ,8,space, ,0,0,0,0,0,0,0,1,0,0,0
55,9,0,155,1,2,2,7,11,"map, weather radar", ,0,0,0,0,0,0,0,0,0,0,1
56,9,0,160,2,0, , ,"7,8,9","meme, drag queen, reporter", ,0,0,0,0,0,0,1,1,1,0,0
57,9,0,17,1,4,2,7,11,"Tweets, maps","India, trends, news agencies",0,0,0,0,0,0,0,0,0,0,1
58,9,0,184,1,2,2,7,11,"map, speeds, landfall","mph, wind, location, pressure, movement, Harvey",0,0,0,0,0,0,0,0,0,0,1
59,9,0,207,1,3,3,6,"6,8,9","floatie, water, flood", ,0,0,0,0,0,1,0,1,1,0,0
60,9,0,208,1,2,2,7,11,map,Spanish,0,0,0,0,0,0,0,0,0,0,1
61,9,0,220,1,2,2,7,11,map,NOAA,0,0,0,0,0,0,0,0,0,0,1
62,9,0,223,1,4,2,7,"8,9","beach, reporter, weather","FOX News, life-threatening",0,0,0,0,0,0,0,1,1,0,0
63,9,0,233,1,3,3,9,9,"FEMA, cell phone, writing, PSA","government, Ready.gov",0,0,0,0,0,0,0,0,1,0,0
64,9,0,251,1,3,2,7,11,"map, weather radar","cities, precipation, elevation",0,0,0,0,0,0,0,0,0,0,1
65,9,0,285,1,3,2,7,11,"map, weather radar","cities, elevation, precipitation",0,0,0,0,0,0,0,0,0,0,1
66,9,0,296,2,4,3,"6,8",9,"child, crying", ,0,0,0,0,0,0,0,0,1,0,0
67,9,0,299,2,0, ,6,"6,7,8","life vest, statue, humor", ,0,0,0,0,0,1,1,1,0,0,0
68,9,0,300,1,1,2,6,8,"lawn, grass, dark", ,0,0,0,0,0,0,0,1,0,0,0
69,9,0,315,1,2,2,7,11,"map, hurricane, space", ,0,0,0,0,0,0,0,0,0,0,1
70,9,0,316,1,2,2,7,11,"map, hurricane, space",NASA,0,0,0,0,0,0,0,0,0,0,1
71,9,0,322,1,2,2,7,11,"map, weather radar",NOAA,0,0,0,0,0,0,0,0,0,0,1
72,9,0,334,1,0,3,8,11,"religion, prayer",prayer,0,0,0,0,0,0,0,0,0,0,1
73,9,0,338,1,3,3,"5,6,8","7,8","meme, warning",#Harvey,0,0,0,0,0,0,1,1,0,0,0
74,9,0,350,1,4,2,7,11,"map, warning","inches, devastating flood threat",0,0,0,0,0,0,0,0,0,0,1
75,9,0,36,2,0,2,6,8,"trucks, cars, highway", ,0,0,0,0,0,0,0,1,0,0,0
76,9,0,371,2,0, , ,"8,9","trucks, NAPA, hazzard", ,0,0,0,0,0,0,0,1,1,0,0
77,9,0,372,2,0,2,"5,6",8,"sky, water, clouds", ,0,0,0,0,0,0,0,1,0,0,0
78,9,0,376,2,0, , ,11,"screenshot, text message","sale, generator",0,0,0,0,0,0,0,0,0,0,1
79,9,0,380,1,3,2,5,8,"boardwalk, pier, waves", ,0,0,0,0,0,0,0,1,0,0,0
80,9,0,419,1,3,2,7,11,"map, radar", ,0,0,0,0,0,0,0,0,0,0,1
81,9,0,442,1,1,2, ,"8,11","boats, water", ,0,0,0,0,0,0,0,1,0,0,1
82,9,0,448,1,3,2,7,11,"map, radar",NOAA,0,0,0,0,0,0,0,0,0,0,1
83,9,0,470,1,2,2,7,11,"map, radar",AFP,0,0,0,0,0,0,0,0,0,0,1
84,9,0,477,1,3,2,7,8,"graphic, Texas, PSA","Flooding, USA Today, WeatherBell, 15 trillion gallons of water",0,0,0,0,0,0,0,1,0,0,0
85,9,0,478,1,2,3,6,11,"grocery store, empty shelfs, instruction, HEB", ,0,0,0,0,0,0,0,0,0,0,1
86,9,0,489,2,0,3, ,7,"cartoon, weather reporter", ,0,0,0,0,0,0,1,0,0,0,0
87,9,0,514,1,1,3, ,7,"meme, map", ,0,0,0,0,0,0,1,0,0,0,0
88,9,0,519,0,0, , ,11,"golf ball, cartoon, grass", ,0,0,0,0,0,0,0,0,0,0,1
89,9,0,553,2,0, , ,8,"cloudy, fog", ,0,0,0,0,0,0,0,1,0,0,0
90,9,0,556,1,2,2,7,11,"map, radar","location, cities",0,0,0,0,0,0,0,0,0,0,1
91,9,0,560,1,2,2,7,11,"map, radar",satellite,0,0,0,0,0,0,0,0,0,0,1
92,9,0,57,0,0, , ,11,blu ray, ,0,0,0,0,0,0,0,0,0,0,1
93,9,0,575,1,1,3,8,11,religion,"prayer, hashtag",0,0,0,0,0,0,0,0,0,0,1
94,9,0,586,0,0, , ,"9,11","WWE, wrestler, mask", ,0,0,0,0,0,0,0,0,1,0,1
95,9,0,59,1,2,2,7,11,"map, radar",NOAA,0,0,0,0,0,0,0,0,0,0,1
96,9,0,594,1,2,2,7,11,"map, radar", ,0,0,0,0,0,0,0,0,0,0,1
97,9,0,615,1,2,2,7,11,"map, radar", ,0,0,0,0,0,0,0,0,0,0,1
98,9,0,631,2,0, , ,8,"industrial, water", ,0,0,0,0,0,0,0,1,0,0,0
99,9,0,640,1,2,2,9,"8,9,10",plywood, ,0,0,0,0,0,0,0,1,1,1,0
100,9,0,647,1,2,2,5,"8,9","water, rain, flood", ,0,0,0,0,0,0,0,1,1,0,0
101,9,0,666,1,2,2,7,11,"map, radar",cities,0,0,0,0,0,0,0,0,0,0,1
102,9,0,67,2,1, , ,9,"child, restaurant", ,0,0,0,0,0,0,0,0,1,0,0
103,9,0,670,1,2,2,8,11,"statement, screenshot, psa", ,0,0,0,0,0,0,0,0,0,0,1
104,9,0,672,2,0, , ,7,meme, ,0,0,0,0,0,0,1,0,0,0,0
105,9,0,675,2,0, , ,9,"male, sunglasses", ,0,0,0,0,0,0,0,0,1,0,0
106,9,0,683,1,2,2,7,11,"map, radar", ,0,0,0,0,0,0,0,0,0,0,1
107,9,0,692,1,4,2,7,11,"PSA, map, warning",life-threatening,0,0,0,0,0,0,0,0,0,0,1
108,9,0,701,1,2,2,7,11,"map, radar", ,0,0,0,0,0,0,0,0,0,0,1
109,9,0,707,1,2,2,7,11,"map, PSA, rainfall","Spanish, measurements",0,0,0,0,0,0,0,0,0,0,1
110,9,0,710,2,0, , ,11,"earth, globe, time, weather","date, temperature, time",0,0,0,0,0,0,0,0,0,0,1
111,9,0,724,1,3,2,7,11,"map, radar", ,0,0,0,0,0,0,0,0,0,0,1
112,9,0,726,0,0, , ,9,Trump,Texas Border,0,0,0,0,0,0,0,0,1,0,0
113,9,0,731,1,3,2,7,11,"screenshot, PSA, report","Category 3, data",0,0,0,0,0,0,0,0,0,0,1
114,9,0,742,2,0, , ,"8,9","group, hats, tent,", ,0,0,0,0,0,0,0,1,1,0,0
115,9,0,753,1,3,2,7,11,"map, colors",tornado conditions,0,0,0,0,0,0,0,0,0,0,1
116,9,0,776,1,1,2,7,"8,9","water, car", ,0,0,0,0,0,0,0,1,1,0,0
117,9,0,785,1,4,2,7,"8,9","news, report, map, radar",FOX News,0,0,0,0,0,0,0,1,1,0,0
118,9,0,79,1,2,2,7,11,map, ,0,0,0,0,0,0,0,0,0,0,1
119,9,0,790,2,0, , ,"8,11","plane, wings", ,0,0,0,0,0,0,0,1,0,0,1
120,9,0,795,0,0, , ,9,"face, female", ,0,0,0,0,0,0,0,0,1,0,0
121,9,0,86,1,2,2,7,11,"space, map",NASA,0,0,0,0,0,0,0,0,0,0,1
122,9,0,88,2,0,"2,3","6,8",9,"boy, bed, lamp, jersey, beads, head light", ,0,0,0,0,0,0,0,0,1,0,0
123,9,0,97,1,2,2,7,9,"reporter, map, radar","mph, winds, location",0,0,0,0,0,0,0,0,1,0,0
124,10,1,10,1,2,2,5,11,"map, screen, report",people trapped,0,0,0,0,0,0,0,0,0,0,1
125,10,1,1016,2,0, , ,"9,11",person, ,0,0,0,0,0,0,0,0,1,0,1
126,10,1,1036,1,2,3,8,11,"humor, reporter, joke, coolers, grocery store, screenshot", ,0,0,0,0,0,0,0,0,0,0,1
127,10,1,104,2,0, , ,8,"house, lawn, lemonade stand", ,0,0,0,0,0,0,0,1,0,0,0
128,10,1,1042,2,0,2, ,8,"clouds, sky", ,0,0,0,0,0,0,0,1,0,0,0
129,10,1,1047,1,3,2,7,11,"map, radar","preciptiation, location, elevation,",0,0,0,0,0,0,0,0,0,0,1
130,10,1,1058,2,0, , ,"5,9","dough, baking, people","Magnolia, Waco",0,0,0,0,1,0,0,0,1,0,0
131,10,1,1060,0,0,2,7,11,"press release, Trump, White House",press release,0,0,0,0,0,0,0,0,0,0,1
132,10,1,1062,1,3,2,7,"8,9","TV, news coverage, reporter, map, radar","tracking, Harvey, location",0,0,0,0,0,0,0,1,1,0,0
133,10,1,1063,1,3,2,7,11,"graphic, computer, space, press release",Reuters,0,0,0,0,0,0,0,0,0,0,1
134,10,1,1066,2,0,2, ,8,"rain, windshield, car", ,0,0,0,0,0,0,0,1,0,0,0
135,10,1,1073,1,3,2,5,"3,8","flooding, trees, skyline, skyscrapers, buildings", ,0,0,1,0,0,0,0,1,0,0,0
136,10,1,1079,1,3,2,7,"3,8","bricks, wall, news report",FOX News,0,0,1,0,0,0,0,1,0,0,0
137,10,1,108,1,1, , ,7,"meme, Steve Harvey", ,0,0,0,0,0,0,1,0,0,0,0
138,10,1,1083,1,3,2,"5,7","3,8","homes, collapsed, damaged",USA Today,0,0,1,0,0,0,0,1,0,0,0
139,10,1,1090,1,1,2,6,"8,9","pier, water, beach", ,0,0,0,0,0,0,0,1,1,0,0
140,10,1,1095,0,0, , ,7,"meme, Suits", ,0,0,0,0,0,0,1,0,0,0,0
141,10,1,1099,1,3,2,5,"3,8","house, roof, damage, tree", ,0,0,1,0,0,0,0,1,0,0,0
142,10,1,1101,1,2,2,7,11,"map, forecast","times, prediction",0,0,0,0,0,0,0,0,0,0,1
143,10,1,1102,2,1,3,"6,8","6,7,8,9","America, flag, shotgun, storm", ,0,0,0,0,0,1,1,1,1,0,0
144,10,1,1105,2,0, , ,9,selfie, ,0,0,0,0,0,0,0,0,1,0,0
145,10,1,1109,1,3,2,7,11,"map, space, hurricane", ,0,0,0,0,0,0,0,0,0,0,1
146,10,1,1112,1,3,2,7,11,"PSA, warning","flash flood, NWS",0,0,0,0,0,0,0,0,0,0,1
147,10,1,1118,1,2,2,9,9,"officials, meeting, roundtable, screens",Parks & Wildlife dept,0,0,0,0,0,0,0,0,1,0,0
148,10,1,1136,0,0, , ,11,flip phone, ,0,0,0,0,0,0,0,0,0,0,1
149,10,1,1150,0,0, , ,9,selfie, ,0,0,0,0,0,0,0,0,1,0,0
150,10,1,1151,1,1,3,8,7,"meme, cat, weather","mph, cat, wind scale",0,0,0,0,0,0,1,0,0,0,0
151,10,1,1158,1,1, , ,11,"logo, NOAA",NOAA,0,0,0,0,0,0,0,0,0,0,1
152,10,1,1166,1,4,2,7,8,"ocean, boat, wind, waves", ,0,0,0,0,0,0,0,1,0,0,0
153,10,1,1170,1,3,2,7,11,"map, radar","NOAA, AFP",0,0,0,0,0,0,0,0,0,0,1
154,10,1,1185,1,3,2,7,11,"map, radar","cities, location",0,0,0,0,0,0,0,0,0,0,1
155,10,1,1193,1,2,2,7,11,"screenshot, PSA","damage report, categories, wind",0,0,0,0,0,0,0,0,0,0,1
156,10,1,1220,2,0, , ,9,"selfie, cigarette", ,0,0,0,0,0,0,0,0,1,0,0
157,10,1,1225,2,0, , ,7,"meme, capitol building",Oh My God!,0,0,0,0,0,0,1,0,0,0,0
158,10,1,1228,0,0, , ,11,"logo, V",logo,0,0,0,0,0,0,0,0,0,0,1
159,10,1,1232,1,2,2,7,11,"space, satelite","CNN, NASA, mph, orbit",0,0,0,0,0,0,0,0,0,0,1
160,10,1,1248,2,1,2, ,8,"rain, trees, water", ,0,0,0,0,0,0,0,1,0,0,0
161,10,1,1264,2,0,3,8,11, ,city,0,0,0,0,0,0,0,0,0,0,1
162,10,1,1266,1,3,2,7,11,"map, radar","cities, preciptation, elevation",0,0,0,0,0,0,0,0,0,0,1
163,10,1,1267,1,2,2,7,11,"map, radar", ,0,0,0,0,0,0,0,0,0,0,1
164,10,1,1272,0,0, , , ,"Youtube, Mayweather, McGregor, UFC", ,0,0,0,0,0,0,0,0,0,0,0
165,10,1,1279,2,3,3,"6,8",9,"raincoat, woman, tired, people", ,0,0,0,0,0,0,0,0,1,0,0
166,10,1,1280,1,3,2,5,8,"palm trees, wind, rain", ,0,0,0,0,0,0,0,1,0,0,0
167,10,1,1308,1,2,2,5,"3,8","street sign, stop light", ,0,0,1,0,0,0,0,1,0,0,0
168,10,1,1324,1,2,2,5,"3,8","rain, Facebook live",views,0,0,1,0,0,0,0,1,0,0,0
169,10,1,1341,1,3, ,5,"3,8","house, waves, wind", ,0,0,1,0,0,0,0,1,0,0,0
170,10,1,1360,1,2,2,7,11,"map, radar",cities,0,0,0,0,0,0,0,0,0,0,1
171,10,1,1370,1,3,2,5,"3,8","house, waves, wind", ,0,0,1,0,0,0,0,1,0,0,0
172,10,1,1372,0,0, , ,"7,8","Kim Kardashian, bed", ,0,0,0,0,0,0,1,1,0,0,0
173,10,1,1374,1,1,2,7,11,"sky, clouds, satelite", ,0,0,0,0,0,0,0,0,0,0,1
174,10,1,1379,0,0, , ,9,woman, ,0,0,0,0,0,0,0,0,1,0,0
175,10,1,1382,1,1,2,5,"3,8","school, building", ,0,0,1,0,0,0,0,1,0,0,0
176,10,1,1385,0,0, , ,9,"UFC, Boxing", ,0,0,0,0,0,0,0,0,1,0,0
177,10,1,1408,1,1,2,7,11,"sky, space, satelite", ,0,0,0,0,0,0,0,0,0,0,1
178,10,1,151,1,1,2,"5,7","3,8","mcdonalds, sign, broken", ,0,0,1,0,0,0,0,1,0,0,0
179,10,1,153,1,2,2,5,"3,8","car, flood, underwater, street", ,0,0,1,0,0,0,0,1,0,0,0
180,10,1,18,1,2,2,5,11,"map, caution, alert",Houston,0,0,0,0,0,0,0,0,0,0,1
181,10,1,183,1,2,2,5,"3,8","street sign, stop light", ,0,0,1,0,0,0,0,1,0,0,0
182,10,1,202,0,0, , ,9,"concert, band", ,0,0,0,0,0,0,0,0,1,0,0
183,10,1,206,1,2,2,"5,7",8,"ocean, waves, logo",NBC,0,0,0,0,0,0,0,1,0,0,0
184,10,1,216,1,2,2,7,8,"fog, Facebook live", ,0,0,0,0,0,0,0,1,0,0,0
185,10,1,226,1,1, , ,11,"PSA, insurance claims", ,0,0,0,0,0,0,0,0,0,0,1
186,10,1,232,1,1,2,7,"8,9","reporter, logo",FOX,0,0,0,0,0,0,0,1,1,0,0
187,10,1,236,0,0,2, , ,"press release, Trump, White House",press release,0,0,0,0,0,0,0,0,0,0,0
188,10,1,246,0,0,2, ,11,"press release, Trump, White House",press release,0,0,0,0,0,0,0,0,0,0,1
189,10,1,26,1,1,2,"5,8","7,8","trees, fence, Snapchat", ,0,0,0,0,0,0,1,1,0,0,0
190,10,1,288,1,2,2,7,11,"map, radar", ,0,0,0,0,0,0,0,0,0,0,1
191,10,1,292,1,2,2,7,11,"Graph, map","wind speed, air pressure",0,0,0,0,0,0,0,0,0,0,1
192,10,1,3,1,3,2,5,"3,8","flood, road, industrial", ,0,0,1,0,0,0,0,1,0,0,0
193,10,1,313,1,2,2,5,"3,8",tree, ,0,0,1,0,0,0,0,1,0,0,0
194,10,1,319,2,0, , ,"7,9",meme, ,0,0,0,0,0,0,1,0,1,0,0
195,10,1,339,1,1,2,6,"2,11","dogs, raincoat", ,0,1,0,0,0,0,0,0,0,0,1
196,10,1,341,2,0, , ,"7,9","child, suprised", ,0,0,0,0,0,0,1,0,1,0,0
197,10,1,354,1,3,2,7,11,"map, radar", ,0,0,0,0,0,0,0,0,0,0,1
198,10,1,355,0,0, , , ,"check, settlement, court", ,0,0,0,0,0,0,0,0,0,0,0
199,10,1,359,1,1,2,7,9,"Trump, Oval Office, briefing, FEMA", ,0,0,0,0,0,0,0,0,1,0,0
200,10,1,382,1,3,2,5,"3,8","house, waves, ocean", ,0,0,1,0,0,0,0,1,0,0,0
201,10,1,387,1,2,2,7,11,"map, sky", ,0,0,0,0,0,0,0,0,0,0,1
202,10,1,4,1,2,2,7,11,"map, comparison, Katrina","years, MSNBC",0,0,0,0,0,0,0,0,0,0,1
203,10,1,412,2,0,1,1,11,"donation, box", ,0,0,0,0,0,0,0,0,0,0,1
204,10,1,418,2,0, , ,"8,9","construction, hardhats", ,0,0,0,0,0,0,0,1,1,0,0
205,10,1,426,1,2,2,"6,8","8,11","Snapchat, gas prices, Snap story", ,0,0,0,0,0,0,0,1,0,0,1
206,10,1,439,1,3,2,5,8,"house, wind, waves, ocean", ,0,0,0,0,0,0,0,1,0,0,0
207,10,1,441,1,2,2,7,11,"map, radar","cities, time, live",0,0,0,0,0,0,0,0,0,0,1
208,10,1,443,1,3,2,7,"8,9","reporter, raincoat, news","FOX News, life-threaening",0,0,0,0,0,0,0,1,1,0,0
209,10,1,481,1,1,2,7,11,"map, plane, news, hurricane hunters", ,0,0,0,0,0,0,0,0,0,0,1
210,10,1,484,2,0, , ,9,"politican, child, high five", ,0,0,0,0,0,0,0,0,1,0,0
211,10,1,49,1,1, , ,"7,11","climate change, map, Washington Post", ,0,0,0,0,0,0,1,0,0,0,1
212,10,1,504,1,2,1,"1,8",10,"donations, oney, text, religion","phone number, texting",0,0,0,0,0,0,0,0,0,1,0
213,10,1,514,1,3,2,"5,6,7","3,8,9","raft, umbrella, reporter", ,0,0,1,0,0,0,0,1,1,0,0
214,10,1,521,1,2,2,7,11,"map, radar", ,0,0,0,0,0,0,0,0,0,0,1
215,10,1,524,1,2,2,5,"3,8","trees, grass", ,0,0,1,0,0,0,0,1,0,0,0
216,10,1,530,2,0, , ,9,"seflie, rain jacket",REI,0,0,0,0,0,0,0,0,1,0,0
217,10,1,54,1,2,2,7,11,"map, radar, satelite",cities,0,0,0,0,0,0,0,0,0,0,1
218,10,1,544,1,2,2,7,11,"sky, map, aerial view", ,0,0,0,0,0,0,0,0,0,0,1
219,10,1,547,2,0, , ,5,"stove, cooking", ,0,0,0,0,1,0,0,0,0,0,0
220,10,1,603,1,2,2,5,"3,8","pier, waves", ,0,0,1,0,0,0,0,1,0,0,0
221,10,1,613,1,2,2,7,"3,8","flooding, streets, news report",NBC,0,0,1,0,0,0,0,1,0,0,0
222,10,1,620,1,2,2,5,"3,8","boardwalk, people, house", ,0,0,1,0,0,0,0,1,0,0,0
223,10,1,648,2,0, , ,"8,9",gas pump, ,0,0,0,0,0,0,0,1,1,0,0
224,10,1,660,2,0, , ,8,boat,"boat name, city",0,0,0,0,0,0,0,1,0,0,0
225,10,1,678,2,0, , ,9,"selfie, man, sunglasses, wall", ,0,0,0,0,0,0,0,0,1,0,0
226,10,1,691,1,2,2,7,11,"map, radar",cities,0,0,0,0,0,0,0,0,0,0,1
227,10,1,694,0,2,2,9,"9,11","speaker, microphone, map, press conference", ,0,0,0,0,0,0,0,0,1,0,1
228,10,1,699,1,1,"2,3","6,8","7,9","store, humor, rain coat, paddle, american flag", ,0,0,0,0,0,0,1,0,1,0,0
229,10,1,705,0,0, , ,9,Trump,MAGA,0,0,0,0,0,0,0,0,1,0,0
230,10,1,709,1,2,2,7,11,map,"phone number, states, cities",0,0,0,0,0,0,0,0,0,0,1
231,10,1,725,1,2,2,7,8,"ocean, pier, cars, wind", ,0,0,0,0,0,0,0,1,0,0,0
232,10,1,752,1,1,3,"6,8","8,9",hugs, ,0,0,0,0,0,0,0,1,1,0,0
233,10,1,772,1,2,2,7,11,"flight paths, map, radar","flight numbers, cities",0,0,0,0,0,0,0,0,0,0,1
234,10,1,775,1,2,2,7,11,"rain fall, chart","measurement, cities",0,0,0,0,0,0,0,0,0,0,1
235,10,1,778,1,2,2,7,11,"sky, map", ,0,0,0,0,0,0,0,0,0,0,1
236,10,1,794,1,1,2,5,"3,8","pond, flooding, rain, houses", ,0,0,1,0,0,0,0,1,0,0,0
237,10,1,796,2,0,2,7,11,"news alert, logo", ,0,0,0,0,0,0,0,0,0,0,1
238,10,1,802,1,2,2,5,8,"flooding, dashboard, car", ,0,0,0,0,0,0,0,1,0,0,0
239,10,1,809,1,2,2,7,11,"map, radar","logo, cities",0,0,0,0,0,0,0,0,0,0,1
240,10,1,811,1,2,2,7,11,"map, radar, NOAA",NOAA,0,0,0,0,0,0,0,0,0,0,1
241,10,1,815,1,2,2,5,"3,8","palm trees, wind, rain", ,0,0,1,0,0,0,0,1,0,0,0
242,10,1,840,2,2,2,5,"3,8","water, yard, lawn, rain", ,0,0,1,0,0,0,0,1,0,0,0
243,10,1,844,1,2,2,7,8,"palm tree, wind, rain",USA Today,0,0,0,0,0,0,0,1,0,0,0
244,10,1,848,1,2,2,6,"5,11","grocery store, shelves, empty", ,0,0,0,0,1,0,0,0,0,0,1
245,10,1,849,1,2,2,7,11,"map, radar, NOAA",NOAA,0,0,0,0,0,0,0,0,0,0,1
246,10,1,858,1,2,2, ,11,PSA,"Stay Safe, @",0,0,0,0,0,0,0,0,0,0,1
247,10,1,86,1,2,2,5,"3,8","road sign, highway, broken", ,0,0,1,0,0,0,0,1,0,0,0
248,10,1,860,1,3,2,5,"3,8","truck, tree, smashed, glass, house", ,0,0,1,0,0,0,0,1,0,0,0
249,10,1,871,1,2,2,7,11,"map, radar",cities,0,0,0,0,0,0,0,0,0,0,1
250,10,1,875,1,2,2,7,11,"map, radar", ,0,0,0,0,0,0,0,0,0,0,1
251,10,1,897,1,2,2,7,11,"map, sky", ,0,0,0,0,0,0,0,0,0,0,1
252,10,1,918,1,3,2,7,11,"map, radar, black", ,0,0,0,0,0,0,0,0,0,0,1
253,10,1,923,2,0, , ,"9,11", , ,0,0,0,0,0,0,0,0,1,0,1
254,10,1,927,1,2,2,5,"3,8","road sign, highway, broken", ,0,0,1,0,0,0,0,1,0,0,0
255,10,1,928,0,0, , ,9,"celebrity, Kris Jenner, bed", ,0,0,0,0,0,0,0,0,1,0,0
256,10,1,94,2,0, , ,11,cruise ship, ,0,0,0,0,0,0,0,0,0,0,1
257,10,1,958,1,1,2,6,"8,10","school, red cross", ,0,0,0,0,0,0,0,1,0,1,0
258,10,1,975,0,0, , ,"4,9","female, elderly, cross necklace", ,0,0,0,1,0,0,0,0,1,0,0
259,10,1,979,1,2,2,7,11,"map, aerial view, space", ,0,0,0,0,0,0,0,0,0,0,1
260,10,1,984,1,0,3,8,"7,11","statue, life jacket", ,0,0,0,0,0,0,1,0,0,0,1
261,10,1,986,1,3,1,8,"10,11","Facebook post, screenshot",phone number,0,0,0,0,0,0,0,0,0,1,1
262,10,1,987,2,0, , ,8,garage door, ,0,0,0,0,0,0,0,1,0,0,0
263,11,1,101,0,0, , ,"8,9","San Fransisco, Castro District, crowd, Soul Cycle", ,0,0,0,0,0,0,0,1,1,0,0
264,11,1,102,1,2,2,5,"3,8","rain, street, flooding", ,0,0,1,0,0,0,0,1,0,0,0
265,11,1,109,1,2,2,5,"3,8","roof, flooding, water", ,0,0,1,0,0,0,0,1,0,0,0
266,11,1,110,1,2,2,5,"3,8","female, damage, wood", ,0,0,1,0,0,0,0,1,0,0,0
267,11,1,153,1,2, ,9,9,press conference, ,0,0,0,0,0,0,0,0,1,0,0
268,11,1,18,1,2,2,5,"3,8","flooding, truck", ,0,0,1,0,0,0,0,1,0,0,0
269,11,1,19,2,0, , ,9,"selfie, male, glasses, car", ,0,0,0,0,0,0,0,0,1,0,0
270,11,1,2,1,2,2,7,"7,11","Steve Harvey, meme, map", ,0,0,0,0,0,0,1,0,0,0,1
271,11,1,211,1,2,2,7,11,"map, rainfall",logo,0,0,0,0,0,0,0,0,0,0,1
272,11,1,214,1,2,2,8,10,"screenshot, Humane Society, PSA", ,0,0,0,0,0,0,0,0,0,1,0
273,11,1,217,1,3,2,5,"3,8","firefighter, house, damage", ,0,0,1,0,0,0,0,1,0,0,0
274,11,1,223,1,2,2,5,"3,8","flooding, road signs, water", ,0,0,1,0,0,0,0,1,0,0,0
275,11,1,233,1,2,2, ,10,"graphic, PSA, FEMA","facts, numbers, inches",0,0,0,0,0,0,0,0,0,1,0
276,11,1,254,2,0, , ,8,"sky, clouds", ,0,0,0,0,0,0,0,1,0,0,0
277,11,1,256,1,3,2,"5,7","8,9","kayak, water, flooding",percentage,0,0,0,0,0,0,0,1,1,0,0
278,11,1,272,1,3,2, ,11,"PSA, list of resources",phone numbers,0,0,0,0,0,0,0,0,0,0,1
279,11,1,273,1,2,2,5,"3,8,9","trees, fallen, sidewalk", ,0,0,1,0,0,0,0,1,1,0,0
280,11,1,275,1,0, , ,11,book, ,0,0,0,0,0,0,0,0,0,0,1
281,11,1,285,1,3,2,5,"3,8","cars, debris, roof, apartment,", ,0,0,1,0,0,0,0,1,0,0,0
282,11,1,289,1,3,2,5,"3,8,9","female, damage, wood", ,0,0,1,0,0,0,0,1,1,0,0
283,11,1,290,2,0,2, ,2,"dogs, cage", ,0,1,0,0,0,0,0,0,0,0,0
284,11,1,308,1,2,2,6,"8,9","fire department, raincoats,", ,0,0,0,0,0,0,0,1,1,0,0
285,11,1,326,1,2,2,5,"3,8","trees, flood, rain, buildings", ,0,0,1,0,0,0,0,1,0,0,0
286,11,1,327,1,1,3,8,7,meme, ,0,0,0,0,0,0,1,0,0,0,0
287,11,1,333,1,2,2,5,"3,8","boat, gas station", ,0,0,1,0,0,0,0,1,0,0,0
288,11,1,341,1,3,2,5,"3,8","RV, trailer park, palm trees, wind", ,0,0,1,0,0,0,0,1,0,0,0
289,11,1,347,1,2,2,5,"3,8","road, flooding, cars", ,0,0,1,0,0,0,0,1,0,0,0
290,11,1,350,1,3,2,5,"3,8","building, flooding, street, trees", ,0,0,1,0,0,0,0,1,0,0,0
291,11,1,352,1,4,2,5,"8,11","truck, flooding, street", ,0,0,0,0,0,0,0,1,0,0,1
292,11,1,366,1,2,2,5,"3,8","fallen tree, truck, smashed", ,0,0,1,0,0,0,0,1,0,0,0
293,11,1,369,1,2,2,"5,7","3,8,11","screenshot, news report, debris,","USA Today, headline",0,0,1,0,0,0,0,1,0,0,1
294,11,1,370,1,3,2,5,"3,8,9","street, cars, flooding", ,0,0,1,0,0,0,0,1,1,0,0
295,11,1,380,1,2,2,5,"3,8,11","pole, knocked down, wind", ,0,0,1,0,0,0,0,1,0,0,1
296,11,1,385,2,0, , ,9,"Trump, hat, USA", ,0,0,0,0,0,0,0,0,1,0,0
297,11,1,392,1,2,2,7,11,"News report, PSA", ,0,0,0,0,0,0,0,0,0,0,1
298,11,1,394,1,3,2,"5,6","3,8,9", , ,0,0,1,0,0,0,0,1,1,0,0
299,11,1,41,1,3,2,5,"3,8","highway, flooding, bridge, buidlings, downtown", ,0,0,1,0,0,0,0,1,0,0,0
300,11,1,42,1,2,2,7,11,"map, radar", ,0,0,0,0,0,0,0,0,0,0,1
301,11,1,422,1,2,"2,3",8,"10,11","screenshot, offer, help",hashtags,0,0,0,0,0,0,0,0,0,1,1
302,11,1,428,0,0, , ,9,Steve Harvey, ,0,0,0,0,0,0,0,0,1,0,0
303,11,1,450,1,4,2,7,11,"map, tornado, red, warning","cities, time",0,0,0,0,0,0,0,0,0,0,1
304,11,1,479,2,0, , ,11,"TV, Weather Channel",logo,0,0,0,0,0,0,0,0,0,0,1
305,11,1,497,1,2,2,7,11,"map, radar","mph, cities, wind",0,0,0,0,0,0,0,0,0,0,1
306,11,1,504,1,2,2,5,"3,8","apartment, staris, roof, collapse", ,0,0,1,0,0,0,0,1,0,0,0
307,11,1,506,2,0, , ,2,"dog, puppy, raincoat", ,0,1,0,0,0,0,0,0,0,0,0
308,11,1,514,1,2,2,5,"3,8","flooding, gas station, car", ,0,0,1,0,0,0,0,1,0,0,0
309,11,1,53,2,0,3, ,"9,11","baby, tornado, meme", ,0,0,0,0,0,0,0,0,1,0,1
310,11,1,537,1,3,2,"7,9",11,"screenshot, press release", ,0,0,0,0,0,0,0,0,0,0,1
311,11,1,539,0,0, , ,9,cheerleaders, ,0,0,0,0,0,0,0,0,1,0,0
312,11,1,54,1,3,2,5,"3,8","street sign, stop light, underwater, flooding", ,0,0,1,0,0,0,0,1,0,0,0
313,11,1,559,1,2,2,5,"3,8","houses, flooding, pond, reservoir, fence, trees", ,0,0,1,0,0,0,0,1,0,0,0
314,11,1,57,1,2,2,9,"9,10,11","meeting, FEMA, quote, PSA",quotation,0,0,0,0,0,0,0,0,1,1,1
315,11,1,571,2,0, , ,2,squirrels, ,0,1,0,0,0,0,0,0,0,0,0
316,11,1,601,1,3,2,5,"3,11","office, flooding", ,0,0,1,0,0,0,0,0,0,0,1
317,11,1,618,2,0, , ,"9,11","blurry, people", ,0,0,0,0,0,0,0,0,1,0,1
318,11,1,623,1,2,2,6,"2,8","dog, street, truck", ,0,1,0,0,0,0,0,1,0,0,0
319,11,1,628,1,2,2,"5,6,8","8,11",religion,prayers,0,0,0,0,0,0,0,1,0,0,1
320,11,1,649,1,2,2,7,11,"map, radar","NBC, inches, cities",0,0,0,0,0,0,0,0,0,0,1
321,11,1,657,1,2,2,5,"3,8","homes, sky view, damage", ,0,0,1,0,0,0,0,1,0,0,0
322,11,1,669,0,0, , ,11,"sneakers, review",emoji,0,0,0,0,0,0,0,0,0,0,1
323,11,1,685,1,2,3,9,"10,11","graphic, tornado, PSA, FEMA","government, ready.gov",0,0,0,0,0,0,0,0,0,1,1
324,11,1,700,1,3,2,5,"3,8,9","car, flood, raincoat", ,0,0,1,0,0,0,0,1,1,0,0
325,11,1,702,2,0, , ,9,"selfie, emoji, female, hearts", ,0,0,0,0,0,0,0,0,1,0,0
326,11,1,710,2,2,2,6,"2,11","bird, car", ,0,1,0,0,0,0,0,0,0,0,1
327,11,1,721,1,3,2,5,"8,11","flooding, highway, road signs", ,0,0,0,0,0,0,0,1,0,0,1
328,11,1,729,1,4,2,"5,6,7","3,8,9","highway, flooding, cars, walkiing",Reuters,0,0,1,0,0,0,0,1,1,0,0
329,11,1,730,2,0, , ,8,helicopter, ,0,0,0,0,0,0,0,1,0,0,0
330,11,1,743,1,3,2,5,"3,8","bus stop, flooding, trees", ,0,0,1,0,0,0,0,1,0,0,0
331,11,1,752,1,2,2,5,"3,8","flooding, grass, trees", ,0,0,1,0,0,0,0,1,0,0,0
332,11,1,757,1,3,2,"5,7","3,8","car, windshield, mirror, flooding",CNN,0,0,1,0,0,0,0,1,0,0,0
333,11,1,761,1,3,2,5,"3,8","car, underwater, street, flooding", ,0,0,1,0,0,0,0,1,0,0,0
334,11,1,765,1,2,2, ,10,"relief organizations, phone numbers, phone, PSA",phone numbers,0,0,0,0,0,0,0,0,0,1,0
335,11,1,784,1,4,2,5,"3,8,9","baby, diaper, flooding", ,0,0,1,0,0,0,0,1,1,0,0
336,11,1,786,1,3,2,5,"3,8","flooding, rain, tree", ,0,0,1,0,0,0,0,1,0,0,0
337,11,1,797,1,3,2,5,"8,9","fire truck, highway, flooding", ,0,0,0,0,0,0,0,1,1,0,0
338,11,1,799,1,1, , ,8,"highway, trucks, highway", ,0,0,0,0,0,0,0,1,0,0,0
339,11,1,806,1,3,2,5,"3,8","car, flooding, underwater", ,0,0,1,0,0,0,0,1,0,0,0
340,11,1,807,1,3,2,5,"3,8","street, tree", ,0,0,1,0,0,0,0,1,0,0,0
341,11,1,822,1,3,2,5,3,"office, flooding, inside", ,0,0,1,0,0,0,0,0,0,0,0
342,11,1,831,1,3,2,5,"3,8","flooding, parking spots,", ,0,0,1,0,0,0,0,1,0,0,0
343,11,1,838,1,2,2,5,"3,8","street, car, flooding, tree", ,0,0,1,0,0,0,0,1,0,0,0
344,11,1,846,1,2,2,5,8,lightning, ,0,0,0,0,0,0,0,1,0,0,0
345,11,1,855,1,2,2,5,"3,8","wind, tree, flooding, lawn", ,0,0,1,0,0,0,0,1,0,0,0
346,11,1,864,1,2,2, ,8,"map, Snapchat, Snapstory","location, streets",0,0,0,0,0,0,0,1,0,0,0
347,11,1,873,1,1,2,"5,7",8,"wind, waves, palm trees", ,0,0,0,0,0,0,0,1,0,0,0
348,11,1,874,1,2,2,7,11,"map, radar", ,0,0,0,0,0,0,0,0,0,0,1
349,11,1,889,1,4,3,"6,8,9","7,8","comparison, Trump, Tweets, flooding",Twitter,0,0,0,0,0,0,1,1,0,0,0
350,11,1,897,0,0, , ,9,Steve Harvey, ,0,0,0,0,0,0,0,0,1,0,0
351,11,1,901,1,2,2,5,3,"window, rain", ,0,0,1,0,0,0,0,0,0,0,0
352,11,1,911,1,3,2,5,"3,8","watet tower, before and after, comparison", ,0,0,1,0,0,0,0,1,0,0,0
353,11,1,912,1,3,2,5,"3,8","church, debris, bricks, stained glass", ,0,0,1,0,0,0,0,1,0,0,0
354,11,1,92,1,1,2,5,"2,8","street, dog", ,0,1,0,0,0,0,0,1,0,0,0
355,11,1,920,1,2, ,"5,6,7","8,9","cars, flooding, news",ticker,0,0,0,0,0,0,0,1,1,0,0
356,11,1,938,1,3,"2,3","6,8","7,8","meme, comparison, officials, statements","time, quotations",0,0,0,0,0,0,1,1,0,0,0
357,11,1,940,2,0, , ,9,"pilots, plane", ,0,0,0,0,0,0,0,0,1,0,0
358,12,1,1000,2,0, , ,7,"meme, Game of Thrones, ready", ,0,0,0,0,0,0,1,0,0,0,0
359,12,1,1034,1,3,2,5,"3,8","house, tree, roof", ,0,0,1,0,0,0,0,1,0,0,0
360,12,1,104,1,2,2,7,11,"map, radar, sky", ,0,0,0,0,0,0,0,0,0,0,1
361,12,1,1052,1,2,2,5,"3,8,11","water, flooding, house, mailbox, rain", ,0,0,1,0,0,0,0,1,0,0,1
362,12,1,1054,1,3,2,5,"3,8","flooding, road, cars", ,0,0,1,0,0,0,0,1,0,0,0
363,12,1,1075,2,0, , ,7,"meme, cartoon, eyeballs", ,0,0,0,0,0,0,1,0,0,0,0
364,12,1,108,1,1,"1,3","6,8",10,"screenshot, text message, donation, American Red Cross", ,0,0,0,0,0,0,0,0,0,1,0
365,12,1,1083,1,2,2,7,11,"graph, chart","gasoline, dates, dollars",0,0,0,0,0,0,0,0,0,0,1
366,12,1,1085,1,4,2,"5,6","3,6,8,9",boat, ,0,0,1,0,0,1,0,1,1,0,0
367,12,1,124,0,0, , ,11,"logo, news outlet",organization name,0,0,0,0,0,0,0,0,0,0,1
368,12,1,128,1,3,2,"5,6","8,9","rain, wind, shoes", ,0,0,0,0,0,0,0,1,1,0,0
369,12,1,14,2,0, , ,9,Kevin Hart, ,0,0,0,0,0,0,0,0,1,0,0
370,12,1,142,1,4,2,5,"3,8,11","highway, cars, truck, flooding", ,0,0,1,0,0,0,0,1,0,0,1
371,12,1,156,1,3,2,5,"3,8,11","boat, truck, tree, damage", ,0,0,1,0,0,0,0,1,0,0,1
372,12,1,157,1,2,2,7,"10,11","graphic, FEMA, map","number of staff, government",0,0,0,0,0,0,0,0,0,1,1
373,12,1,158,1,2,2,"7,9",11,"statement, press release","Mexico, Buzzfeed News",0,0,0,0,0,0,0,0,0,0,1
374,12,1,163,2,0, , ,9,"Trump, military, briefing, hat", ,0,0,0,0,0,0,0,0,1,0,0
375,12,1,174,1,2,2, ,9,"officials, meeting", ,0,0,0,0,0,0,0,0,1,0,0
376,12,1,182,1,3,"2,3","5,8","2,3,9,11","fish, flooding, screenshot, humor, emojis",Facebook post,0,1,1,0,0,0,0,0,1,0,1
377,12,1,193,1,2,"2,3","5,6","2,8",dog, ,0,1,0,0,0,0,0,1,0,0,0
378,12,1,195,1,2,2,"5,6","3,8,9","floaty, flooding, street", ,0,0,1,0,0,0,0,1,1,0,0
379,12,1,204,2,0,2,8,11,"screenshot, school district, annoucement",Spanish,0,0,0,0,0,0,0,0,0,0,1
380,12,1,207,1,3,2,7,11,"map, tornado watch, yellow",cities,0,0,0,0,0,0,0,0,0,0,1
381,12,1,226,2,0, , ,"8,9","female, backpack", ,0,0,0,0,0,0,0,1,1,0,0
382,12,1,238,1,3,"2,3","5,8",8,"comparison, before and after, flooding, city", ,0,0,0,0,0,0,0,1,0,0,0
383,12,1,261,1,2,2,5,"3,8,11","wind, palm tree, industrial", ,0,0,1,0,0,0,0,1,0,0,1
384,12,1,266,1,3,2,5,"3,8","lawn, fence, flooding, trees", ,0,0,1,0,0,0,0,1,0,0,0
385,12,1,287,1,3,2,"5,6","3,6,8,9","flooding, umbrella, sheriff, neon, trailer, fire department", ,0,0,1,0,0,1,0,1,1,0,0
386,12,1,293,0,0,2,7,11,"Trump, Tweet, screenshot",twitter,0,0,0,0,0,0,0,0,0,0,1
387,12,1,307,2,0, , ,"8,9","car, gasoline, pump", ,0,0,0,0,0,0,0,1,1,0,0
388,12,1,311,1,3,2,"6,8","9,10","sheltor, line, crowd, clothes", ,0,0,0,0,0,0,0,0,1,1,0
389,12,1,319,1,2,2,5,"3,8","windshield, wipers, rain, car", ,0,0,1,0,0,0,0,1,0,0,0
390,12,1,336,1,2,2,7,11,"map, radar,","cities, time, mph",0,0,0,0,0,0,0,0,0,0,1
391,12,1,338,1,2,2,"6,8","6,8","boats, trucks, line-up, highway", ,0,0,0,0,0,1,0,1,0,0,0
392,12,1,344,1,2,2,7,11,"graphic, news report, Oklahoma City, rainfall, comparison","inches, average",0,0,0,0,0,0,0,0,0,0,1
393,12,1,356,1,2,2,6,"6,8,9","truck, kayak", ,0,0,0,0,0,1,0,1,1,0,0
394,12,1,358,1,3,2,"8,9","6,8,9","rescue, child, truck", ,0,0,0,0,0,1,0,1,1,0,0
395,12,1,361,1,4,2,"6,7","3,6,8,9","boats, boaters, street, flooding", ,0,0,1,0,0,1,0,1,1,0,0
396,12,1,374,1,1,"2,3","5,8","3,7,8","Whatburger, Snapchat, patriotic", ,0,0,1,0,0,0,1,1,0,0,0
397,12,1,383,1,3,3,"7,8","9,11","Facetime, cell phone, news report",ABC7 New York,0,0,0,0,0,0,0,0,1,0,1
398,12,1,390,1,3,"2,3","5,8","7,8,9,10,11","meme,  boat, rescue", ,0,0,0,0,0,0,1,1,1,1,1
399,12,1,393,2,0,3, ,"4,5,9","beer, store, Snapchat", ,0,0,0,1,1,0,0,0,1,0,0
400,12,1,40,1,4,2,5,"3,8","car, underwater, flooding", ,0,0,1,0,0,0,0,1,0,0,0
401,12,1,426,1,4,2,7,11,"map, radar, rainfall, red",inches,0,0,0,0,0,0,0,0,0,0,1
402,12,1,438,0,0, , ,9,"JJ Watt, celebrity, football player", ,0,0,0,0,0,0,0,0,1,0,0
403,12,1,439,1,1,3,8,11,"support, caring, radar", ,0,0,0,0,0,0,0,0,0,0,1
404,12,1,445,1,2,"2,3",8,"10,11","religious, press release, Catholic, bishops, statement", ,0,0,0,0,0,0,0,0,0,1,1
405,12,1,466,1,2,"2,3","6,8,9","9,11","police officer, tired, sleeping", ,0,0,0,0,0,0,0,0,1,0,1
406,12,1,468,1,2,"2,3",8,7,"Snapchat, map, screenshot", ,0,0,0,0,0,0,1,0,0,0,0
407,12,1,476,1,3,2,6,2,"alligator, street", ,0,1,0,0,0,0,0,0,0,0,0
408,12,1,477,2,0, , ,"8,11","falls, waterfall", ,0,0,0,0,0,0,0,1,0,0,1
409,12,1,481,1,3,"2,3",8,"10,11","screenshot, sheltor, location, donations, church","address, phone number",0,0,0,0,0,0,0,0,0,1,1
410,12,1,496,1,2,2,7,"10,11","graphic, preperations",Spanish,0,0,0,0,0,0,0,0,0,1,1
411,12,1,497,1,2,2,5,"3,8","water, flooding, house, street", ,0,0,1,0,0,0,0,1,0,0,0
412,12,1,503,1,4,2,"6,8,9","10,11","annoucement, advice, screenshot",phone number,0,0,0,0,0,0,0,0,0,1,1
413,12,1,508,1,2,2,"5,9","6,8,10,11",fire truck, ,0,0,0,0,0,1,0,1,0,1,1
414,12,1,516,1,4,2,5,"3,8","airplanes, flooding, water, runway, Delta Airlines", ,0,0,1,0,0,0,0,1,0,0,0
415,12,1,520,0,0, , ,9,Kevin Hart, ,0,0,0,0,0,0,0,0,1,0,0
416,12,1,53,1,3,2,5,"3,8","road, power lines, knocked down", ,0,0,1,0,0,0,0,1,0,0,0
417,12,1,535,1,3,2,5,8,"flooding, road", ,0,0,0,0,0,0,0,1,0,0,0
418,12,1,538,1,3,"2,3","5,6","3,6,8,9,11","kayak, flooding", ,0,0,1,0,0,1,0,1,1,0,1
419,12,1,543,1,2,2,5,11,"map, advisory", ,0,0,0,0,0,0,0,0,0,0,1
420,12,1,56,1,2,2,7,9,screen, ,0,0,0,0,0,0,0,0,1,0,0
421,12,1,571,1,1,"2,3",8,10,"Cajun Navy, pride", ,0,0,0,0,0,0,0,0,0,1,0
422,12,1,574,1,3,2,"6,8","8,9,11","highway, cars", ,0,0,0,0,0,0,0,1,1,0,1
423,12,1,601,1,2,2,5,"3,8","flooding, home", ,0,0,1,0,0,0,0,1,0,0,0
424,12,1,606,1,3,2,"5,6,8","2,3,8,9","dogs, flooding, rescue, cars", ,0,1,1,0,0,0,0,1,1,0,0
425,12,1,613,1,2,2,5,"3,8","home, flooding, water", ,0,0,1,0,0,0,0,1,0,0,0
426,12,1,62,1,1,"2,3",8,"7,11","Trump, meme, politics, comparison", ,0,0,0,0,0,0,1,0,0,0,1
427,12,1,622,1,2,2,7,11,"map, radar, rainfall",inches,0,0,0,0,0,0,0,0,0,0,1
428,12,1,623,1,1,"2,3","6,9","6,8,9","EMS, ambulence, police", ,0,0,0,0,0,1,0,1,1,0,0
429,12,1,640,1,3,2,"5,6","3,8,9","flooding, umbrella", ,0,0,1,0,0,0,0,1,1,0,0
430,12,1,653,1,2,"2,3","6,7",10,"emergency information, PSA","phone numbers, hashtag",0,0,0,0,0,0,0,0,0,1,0
431,12,1,660,1,3,"1,2",8,"10,11","screenshot, Instagram, PSA, rescue",phone number,0,0,0,0,0,0,0,0,0,1,1
432,12,1,663,1,2,2,"5,6","3,8,9","wind, rain, palm trees", ,0,0,1,0,0,0,0,1,1,0,0
433,12,1,68,1,2,2,7,"3,8","flooding, creek, bridge","time, date",0,0,1,0,0,0,0,1,0,0,0
434,12,1,684,0,0, , ,9,Shawn Mendes, ,0,0,0,0,0,0,0,0,1,0,0
435,12,1,687,1,1,3,6,10,"screenshot, donation, American Red Cross", ,0,0,0,0,0,0,0,0,0,1,0
436,12,1,697,1,3,2,"5,8","3,8,9,10","news report, male, child, flooding","phone numbers, website",0,0,1,0,0,0,0,1,1,1,0
437,12,1,706,1,3,2,5,"3,8","flooding, downtown", ,0,0,1,0,0,0,0,1,0,0,0
438,12,1,719,2,0, , ,"8,11","building, street, car", ,0,0,0,0,0,0,0,1,0,0,1
439,12,1,726,0,0, , ,9,JJ Watt, ,0,0,0,0,0,0,0,0,1,0,0
440,12,1,729,1,1,2,7,11,"map, radar,",cities,0,0,0,0,0,0,0,0,0,0,1
441,12,1,734,1,2,2,5,"3,8","power lines, car, highway", ,0,0,1,0,0,0,0,1,0,0,0
442,12,1,739,1,1,3,6,"9,10","child, American Red Cross, shelter", ,0,0,0,0,0,0,0,0,1,1,0
443,12,1,748,1,2,"2,3","6,8","6,8,10,11","meme, Cajun Navy, annoucement",hastag,0,0,0,0,0,1,0,1,0,1,1
444,12,1,752,1,2,2,7,11,"map, radar",cities,0,0,0,0,0,0,0,0,0,0,1
445,12,1,758,1,2,2,5,"3,8","highway, flooding", ,0,0,1,0,0,0,0,1,0,0,0
446,12,1,776,1,1,"2,3","5,6","3,8,9","hug, male, female", ,0,0,1,0,0,0,0,1,1,0,0
447,12,1,778,1,3,2,7,11,"emergency alert, screenshot, tornado warning","time, iPhone home screen",0,0,0,0,0,0,0,0,0,0,1
448,12,1,791,1,2,"1,2","1,6,8",10,"Request, donations, PSA", ,0,0,0,0,0,0,0,0,0,1,0
449,12,1,796,1,2,3,8,10,"PSA, Facebook post, screenshot, Cajun Navy", ,0,0,0,0,0,0,0,0,0,1,0
450,12,1,818,1,2,2,5,"2,3,8","dog, debris, damage", ,0,1,1,0,0,0,0,1,0,0,0
451,12,1,824,1,4,2,"5,8,9","3,6,8,9","rescue, boat, police", ,0,0,1,0,0,1,0,1,1,0,0
452,12,1,836,2,0, , ,9,"Snapchat, selfie, crying", ,0,0,0,0,0,0,0,0,1,0,0
453,12,1,839,0,0, , ,9,"barbells, weights, gym", ,0,0,0,0,0,0,0,0,1,0,0
454,12,1,842,1,2,2,5,"3,8","highway, flooding", ,0,0,1,0,0,0,0,1,0,0,0
455,12,1,878,1,4,2,5,"2,3,8","shark, flooding", ,0,1,1,0,0,0,0,1,0,0,0
456,12,1,882,1,4,2,5,"3,8","airplanes, runway, flooding, Delta Airlines", ,0,0,1,0,0,0,0,1,0,0,0
457,12,1,888,1,3,2,6,"3,8,9","kayak, flooding, stoplight", ,0,0,1,0,0,0,0,1,1,0,0
458,12,1,889,1,4,2,"5,6","3,8,9","flooding, highway, wading", ,0,0,1,0,0,0,0,1,1,0,0
459,12,1,902,1,2,2,5,"3,8","bridge, car, flooding, water, debris", ,0,0,1,0,0,0,0,1,0,0,0
460,12,1,923,1,0,3,8,11,"screenshot, text message", ,0,0,0,0,0,0,0,0,0,0,1
461,12,1,924,0,0, , ,9,"male, microphone", ,0,0,0,0,0,0,0,0,1,0,0
462,12,1,93,1,2,2,5,"3,8","water, flooding, trees", ,0,0,1,0,0,0,0,1,0,0,0
463,12,1,938,1,1,3,8,"7,8","Trump, Tweets, flooding, comparison",Twitter,0,0,0,0,0,0,1,1,0,0,0
464,12,1,957,1,0, , ,"5,8","baked beans, wood pallets", ,0,0,0,0,1,0,0,1,0,0,0
465,12,1,966,1,2,2,5,"7,8,9","screenshot, Snapchat, flooding", ,0,0,0,0,0,0,1,1,1,0,0
466,12,1,974,2,0, , ,"8,11","traffic camera, highway", ,0,0,0,0,0,0,0,1,0,0,1
467,12,1,989,1,3,2,5,"3,8","car, flooding", ,0,0,1,0,0,0,0,1,0,0,0
468,13,1,101,1,2,2,5,"3,8","rain, flooding, fence", ,0,0,1,0,0,0,0,1,0,0,0
469,13,1,1012,1,2,2,7,11,"map, radar", ,0,0,0,0,0,0,0,0,0,0,1
470,13,1,1019,1,2,2,5,"3,8","flooding, homees, real estate sign", ,0,0,1,0,0,0,0,1,0,0,0
471,13,1,1030,1,4,"2,3","5,6,8","3,8,9","flooding, water, raft", ,0,0,1,0,0,0,0,1,1,0,0
472,13,1,1039,1,1,3,8,"9,10",fireperson,city,0,0,0,0,0,0,0,0,1,1,0
473,13,1,104,1,2,2,"5,7","3,6,8","truck, flooding, road","logo, city",0,0,1,0,0,1,0,1,0,0,0
474,13,1,1044,1,2,2,5,"3,8","boat, boardwalk", ,0,0,1,0,0,0,0,1,0,0,0
475,13,1,1052,1,4,1,4,11,"Facebook post, screenshot, request","address, phone number",0,0,0,0,0,0,0,0,0,0,1
476,13,1,1054,1,2,2,7,11,"map, graphic",climate change,0,0,0,0,0,0,0,0,0,0,1
477,13,1,107,2,0, , ,9,boxes, ,0,0,0,0,0,0,0,0,1,0,0
478,13,1,1071,1,3,"1,2","3,4,8",2,"dog, screenshot, instagram", ,0,1,0,0,0,0,0,0,0,0,0
479,13,1,1074,0,0, , ,9,"football player, field", ,0,0,0,0,0,0,0,0,1,0,0
480,13,1,1076,1,3,2,5,8,"swingset, flooding", ,0,0,0,0,0,0,0,1,0,0,0
481,13,1,1113,1,4,2,5,"3,8","flooding, truck, underwater", ,0,0,1,0,0,0,0,1,0,0,0
482,13,1,1117,1,2,2,7,11,"map, radar",NBC,0,0,0,0,0,0,0,0,0,0,1
483,13,1,1123,1,1,3,8,"8,10,11","meme, religious, underwater, texas",prayers,0,0,0,0,0,0,0,1,0,1,1
484,13,1,1133,1,3,"2,3","5,8","6,8,9,10","truck, child, flooding", ,0,0,0,0,0,1,0,1,1,1,0
485,13,1,1145,1,2,"2,3",8,"4,6,8,9,10","water, free, truck",free water,0,0,0,1,0,1,0,1,1,1,0
486,13,1,1150,2,0, , ,"9,11","basketball, garage", ,0,0,0,0,0,0,0,0,1,0,1
487,13,1,1159,1,1,3,8,9,"nuns, religion",prayers,0,0,0,0,0,0,0,0,1,0,0
488,13,1,1174,1,3,2,5,8,flag, ,0,0,0,0,0,0,0,1,0,0,0
489,13,1,1175,1,4,2,5,"3,8","flooding, highway, trees", ,0,0,1,0,0,0,0,1,0,0,0
490,13,1,1176,1,2,2,9,"8,9","news, report",number of people,0,0,0,0,0,0,0,1,1,0,0
491,13,1,1182,1,4,2,"5,8","2,3,8,9","dog, flooding", ,0,1,1,0,0,0,0,1,1,0,0
492,13,1,1185,1,4,2,5,"3,6,8","truck, underwater, flooding, freeway, bridge, raft", ,0,0,1,0,0,1,0,1,0,0,0
493,13,1,1187,1,2,2,5,"3,8","street, flooding", ,0,0,1,0,0,0,0,1,0,0,0
494,13,1,1190,0,0, , ,9,"Kim Kardasian, celebrity", ,0,0,0,0,0,0,0,0,1,0,0
495,13,1,1194,1,1,3,8,7,"Trump, meme, swastika", ,0,0,0,0,0,0,1,0,0,0,0
496,13,1,1201,1,2,2,7,8,"news, highway, truck, bridge", ,0,0,0,0,0,0,0,1,0,0,0
497,13,1,1202,1,2,2,7,11,"map, radar", ,0,0,0,0,0,0,0,0,0,0,1
498,13,1,1206,1,3,2,"5,8","6,8,9,10","boats, rescue, highway, flooding", ,0,0,0,0,0,1,0,1,1,1,0
499,13,1,1213,1,1,2,7,"8,9","Trump, Melania Trump", ,0,0,0,0,0,0,0,1,1,0,0
500,13,1,1220,1,1,2,7,"8,9","news, Trump, Melania Trump, air force one", ,0,0,0,0,0,0,0,1,1,0,0
501,13,1,1226,1,1,2,7,"8,9,11","boots, males, walking, suits, camera", ,0,0,0,0,0,0,0,1,1,0,1
502,13,1,1229,1,2,2,5,"3,8","power lines, palm tree, wind, street", ,0,0,1,0,0,0,0,1,0,0,0
503,13,1,123,2,0, , ,9,JJ Watt, ,0,0,0,0,0,0,0,0,1,0,0
504,13,1,1240,1,2,"1,2,3",8,"10,11","screenshot, website, volunteer, help, donation", ,0,0,0,0,0,0,0,0,0,1,1
505,13,1,1243,2,0, , ,"5,9","child, boy", ,0,0,0,0,1,0,0,0,1,0,0
506,13,1,1250,2,0, , ,"8,11",gas pump, ,0,0,0,0,0,0,0,1,0,0,1
507,13,1,1252,1,3,2,5,"3,8","car, flooding", ,0,0,1,0,0,0,0,1,0,0,0
508,13,1,1253,1,3,2,"5,8","3,8,9",flooding, ,0,0,1,0,0,0,0,1,1,0,0
509,13,1,1254,2,0, , ,2,dogs, ,0,1,0,0,0,0,0,0,0,0,0
510,13,1,129,2,0, , ,9,woman, ,0,0,0,0,0,0,0,0,1,0,0
511,13,1,1290,2,0, , ,9,Trump, ,0,0,0,0,0,0,0,0,1,0,0
512,13,1,1300,1,2,2,"5,7","3,8,9","flooding, screenshot",CNN,0,0,1,0,0,0,0,1,1,0,0
513,13,1,141,1,4,2,"5,8","3,6,8,9,10","rescue, boat", ,0,0,1,0,0,1,0,1,1,1,0
514,13,1,146,2,0, , ,5,pasta, ,0,0,0,0,1,0,0,0,0,0,0
515,13,1,158,1,1,2,"7,9","8,9","Trump, Melania Trump", ,0,0,0,0,0,0,0,1,1,0,0
516,13,1,17,0,0, , ,11, , ,0,0,0,0,0,0,0,0,0,0,1
517,13,1,176,1,4,2,"5,8","3,8,9","flooding, rescue", ,0,0,1,0,0,0,0,1,1,0,0
518,13,1,158,1,1,"2,3","5,8","2,3,8","rat, cooler, flooding", ,0,1,1,0,0,0,0,1,0,0,0
519,13,1,190,1,2,"1,2", ,1,annoucement, ,1,0,0,0,0,0,0,0,0,0,0
520,13,1,216,1,3,2,"5,7","3,8",flooding, ,0,0,1,0,0,0,0,1,0,0,0
521,13,1,272,1,2,"2,3","5,8","3,6,8","tent, roof, flooding", ,0,0,1,0,0,1,0,1,0,0,0
522,13,1,284,2,0, , , ,"texas, flag", ,0,0,0,0,0,0,0,0,0,0,0
523,13,1,303,2,0,2,5,9,"news, skype, children",FOX,0,0,0,0,0,0,0,0,1,0,0
524,13,1,316,1,4,2,5,"3,8","bus, flooding, street", ,0,0,1,0,0,0,0,1,0,0,0
525,13,1,327,1,2,2,7,"4,8,9","news, reporter, microphone",CNN,0,0,0,1,0,0,0,1,1,0,0
526,13,1,349,1,1,"2,3","5,8","3,7,8,9,10","meme, flooding, rescue", ,0,0,1,0,0,0,1,1,1,1,0
527,13,1,351,0,0, , ,9,Beyonce, ,0,0,0,0,0,0,0,0,1,0,0
528,13,1,354,1,2,"2,3","5,8","2,9,11","fish, flooding", ,0,1,0,0,0,0,0,0,1,0,1
529,13,1,373,1,2,2,9,"6,8",helicopter, ,0,0,0,0,0,1,0,1,0,0,0
530,13,1,377,1,4,2,"5,6,8","3,8,9,10","rescue, flooding", ,0,0,1,0,0,0,0,1,1,1,0
531,13,1,378,2,0, , ,9,"news conference, flag", ,0,0,0,0,0,0,0,0,1,0,0
532,13,1,384,1,1,3,8,11,"religion, prayer","Texas, prayer",0,0,0,0,0,0,0,0,0,0,1
533,13,1,407,1,1,3,8,11,"religion, prayer","thoughts, prayers",0,0,0,0,0,0,0,0,0,0,1
534,13,1,410,1,2,2,7,11,"map, radar", ,0,0,0,0,0,0,0,0,0,0,1
535,13,1,432,1,0,2,7,11,"Spanish, annoucement",Spanish,0,0,0,0,0,0,0,0,0,0,1
536,13,1,45,1,4,2,"5,6,8","3,6,8,9,10","trucks, cars, flooding", ,0,0,1,0,0,1,0,1,1,1,0
537,13,1,457,1,3,2,5,"3,8",flooding, ,0,0,1,0,0,0,0,1,0,0,0
538,13,1,467,1,2,"2,3",9,9,press conference, ,0,0,0,0,0,0,0,0,1,0,0
539,13,1,477,1,2,2,5,"3,6,8","truck, flooding", ,0,0,1,0,0,1,0,1,0,0,0
540,13,1,48,1,2,"1,2,3","7,9",10,"donations,","phone number, website, NBC",0,0,0,0,0,0,0,0,0,1,0
541,13,1,496,2,0, , ,"8,9",crowd, ,0,0,0,0,0,0,0,1,1,0,0
542,13,1,509,1,2,2,"5,8",11,"press release, sheltor", ,0,0,0,0,0,0,0,0,0,0,1
543,13,1,517,1,3,2,"5,8","3,8,9","children, flooding, rescue", ,0,0,1,0,0,0,0,1,1,0,0
544,13,1,520,2,0, , ,11,"map, chart",Drought,0,0,0,0,0,0,0,0,0,0,1
545,13,1,547,2,0, , ,"2,7","meme, bird", ,0,1,0,0,0,0,1,0,0,0,0
546,13,1,554,1,2,"1,3","1,8",10,donations,address,0,0,0,0,0,0,0,0,0,1,0
547,13,1,565,1,3,2,5,"3,6,8,9","flooding, pool, boat, backyard", ,0,0,1,0,0,1,0,1,1,0,0
548,13,1,576,1,3,2,"5,7","8,9,10","screenshot, news, truck, rescue", ,0,0,0,0,0,0,0,1,1,1,0
549,13,1,582,1,2,2,"5,7","8,11", ,"univision, amount, water",0,0,0,0,0,0,0,1,0,0,1
550,13,1,609,2,0,2,5,"3,8","car, bricks, damage", ,0,0,1,0,0,0,0,1,0,0,0
551,13,1,630,1,2,2,7,11,"map, radar", ,0,0,0,0,0,0,0,0,0,0,1
552,13,1,64,1,2,2,5,"3,6,8,9","car, rims, lifted, flooding", ,0,0,1,0,0,1,0,1,1,0,0
553,13,1,641,1,2,"1,2","1,8",10, , ,0,0,0,0,0,0,0,0,0,1,0
554,13,1,642,1,2,2,6,"4,6,8,9,10","water, truck",free water,0,0,0,1,0,1,0,1,1,1,0
555,13,1,653,1,2,2,7,11,"forecast, map", ,0,0,0,0,0,0,0,0,0,0,1
556,13,1,669,2,0, , ,11,gas pump, ,0,0,0,0,0,0,0,0,0,0,1
557,13,1,674,1,4,2,"5,6","3,6,8,9","trucks, flooding, rescue", ,0,0,1,0,0,1,0,1,1,0,0
558,13,1,681,1,1,2,5,"3,8","trucks, dashboard, driving", ,0,0,1,0,0,0,0,1,0,0,0
559,13,1,703,0,0, , ,9,"Kim Kardashian, celebrity", ,0,0,0,0,0,0,0,0,1,0,0
560,13,1,707,2,0,2,7,9,child,ABC News,0,0,0,0,0,0,0,0,1,0,0
561,13,1,713,1,2,1,8,10,"donation, American Red Cross",dollars,0,0,0,0,0,0,0,0,0,1,0
562,13,1,716,1,1,3,8,7,"meme, religious, Joel Osteen", ,0,0,0,0,0,0,1,0,0,0,0
563,13,1,724,1,3,2,"5,6","3,6,8,9","boat, flooding, rescue, rain", ,0,0,1,0,0,1,0,1,1,0,0
564,13,1,729,2,0, , ,"8,11",gas pump, ,0,0,0,0,0,0,0,1,0,0,1
565,13,1,738,1,4,2,"5,6","3,8,9","flooding, car, male", ,0,0,1,0,0,0,0,1,1,0,0
566,13,1,739,1,2,2,7,11,"map, warning", ,0,0,0,0,0,0,0,0,0,0,1
567,13,1,740,0,0, , ,11,logo, ,0,0,0,0,0,0,0,0,0,0,1
568,13,1,754,1,3,2,5,"3,8","street, stop light", ,0,0,1,0,0,0,0,1,0,0,0
569,13,1,755,1,1,2,7,"8,9","Trump, melania trump, news",Spanish,0,0,0,0,0,0,0,1,1,0,0
570,13,1,762,1,3,2,5,"3,8","flooding, house, speed limit, basketball hoop", ,0,0,1,0,0,0,0,1,0,0,0
571,13,1,778,1,3,2,"5,8","3,6,8,9","kayak, boat, flooding, street, tree", ,0,0,1,0,0,1,0,1,1,0,0
572,13,1,781,1,3,2,"5,8,9","3,6,8,9","boat, flooding",sheriff,0,0,1,0,0,1,0,1,1,0,0
573,13,1,793,2,0, , ,9, , ,0,0,0,0,0,0,0,0,1,0,0
574,13,1,795,1,2,2,6,"4,5,9","elderly, female", ,0,0,0,1,1,0,0,0,1,0,0
575,13,1,8,2,0, , ,9,"Kevin Hart, celebrity", ,0,0,0,0,0,0,0,0,1,0,0
576,13,1,805,1,2,2,7,11,"sky, satelite, map", ,0,0,0,0,0,0,0,0,0,0,1
577,13,1,814,1,3,2,"5,7","3,6,8,9","news, flooding, boats",Today Show,0,0,1,0,0,1,0,1,1,0,0
578,13,1,830,2,0, , ,9,"celebrity, selfie", ,0,0,0,0,0,0,0,0,1,0,0
579,13,1,835,1,2,2,7,11,"map, radar, satellite", ,0,0,0,0,0,0,0,0,0,0,1
580,13,1,837,1,2,2,"6,8","6,8,9",truck,phone number,0,0,0,0,0,1,0,1,1,0,0
581,13,1,845,1,2,"1,3","1,8",10,donations,"address, university",0,0,0,0,0,0,0,0,0,1,0
582,13,1,847,1,1,2,7,"3,6,8,9","news, Trump",MSNBC,0,0,1,0,0,1,0,1,1,0,0
583,13,1,860,1,1,"2,3",8,11,"support, Texas flag",organization,0,0,0,0,0,0,0,0,0,0,1
584,13,1,868,1,3,2,"5,6","3,8,9","flooding, evacuating", ,0,0,1,0,0,0,0,1,1,0,0
585,13,1,873,1,2,2,5,"3,8",flooding, ,0,0,1,0,0,0,0,1,0,0,0
586,13,1,874,1,2, ,"6,7",9,shelter,Spanish,0,0,0,0,0,0,0,0,1,0,0
587,13,1,885,1,2,2,5,"3,8","comparison, flooding",dates,0,0,1,0,0,0,0,1,0,0,0
588,13,1,89,1,2,2,5,"3,8","Snapchat, screenshot, flooding", ,0,0,1,0,0,0,0,1,0,0,0
589,13,1,9,1,4,"1,2","3,8",11,"Facebook, post, screenshot", ,0,0,0,0,0,0,0,0,0,0,1
590,13,1,900,2,0, , ,9, , ,0,0,0,0,0,0,0,0,1,0,0
591,13,1,902,2,0, , ,"4,6,10","water,", ,0,0,0,1,0,1,0,0,0,1,0
592,13,1,926,1,4,2,5,"3,8,9",flooding, ,0,0,1,0,0,0,0,1,1,0,0
593,13,1,934,1,2,2,6,"8,9","guns, loot", ,0,0,0,0,0,0,0,1,1,0,0
594,13,1,936,2,0, , ,9,Ted Cruz, ,0,0,0,0,0,0,0,0,1,0,0
595,13,1,956,0,0, , ,9,"Beyonce, celebrity", ,0,0,0,0,0,0,0,0,1,0,0
596,13,1,984,1,4,2,5,"3,6,8,9","rescue, flooding, boats", ,0,0,1,0,0,1,0,1,1,0,0
597,13,1,997,2,0, , , , , ,0,0,0,0,0,0,0,0,0,0,0
598,14,1,1027,1,3,2,5,"3,8","flooding, water, houses", ,0,0,1,0,0,0,0,1,0,0,0
599,14,1,1014,1,1,2,"5,7",11,"chart, bar graph","amount, money",0,0,0,0,0,0,0,0,0,0,1
600,14,1,1017,2,0, ,7,"9,11","Obama, Bill Clinton, child", ,0,0,0,0,0,0,0,0,1,0,1
601,14,1,1026,1,2,2,9,"6,8,9,11","sheriff, boat, highway", ,0,0,0,0,0,1,0,1,1,0,1
602,14,1,1029,2,0,3,8,9,"meme, religion", ,0,0,0,0,0,0,0,0,1,0,0
603,14,1,1032,0,0, , ,9,"Sandra Bullock, celebrity", ,0,0,0,0,0,0,0,0,1,0,0
604,14,1,1035,1,3,2,5,"3,8","flooding, cars, bus, water, homes", ,0,0,1,0,0,0,0,1,0,0,0
605,14,1,105,1,4,"2,3","5,8","3,8,9","street sign, home, flooding", ,0,0,1,0,0,0,0,1,1,0,0
606,14,1,1062,2,1,2,"7,9","8,9","Trump, Melania Trump", ,0,0,0,0,0,0,0,1,1,0,0
607,14,1,1065,1,1,2,"7,8",11,"news, screenshot","organization, waffle house, report",0,0,0,0,0,0,0,0,0,0,1
608,14,1,1071,2,0,3,9,"6,9,10","helicopter, boy, rescue", ,0,0,0,0,0,1,0,0,1,1,0
609,14,1,1073,1,2,"2,3","6,7,9","8,10","gasoline, pump",Cajun Navy,0,0,0,0,0,0,0,1,0,1,0
610,14,1,1079,1,4,2,5,"3,9,11","bleachers, chairs, trash, flooding", ,0,0,1,0,0,0,0,0,1,0,1
611,14,1,1102,1,3,2,"5,7,8","3,6,8,9,10","flooding, boats, truck", ,0,0,1,0,0,1,0,1,1,1,0
612,14,1,1134,1,4,2,5,"3,9,11","bleachers, water, flooding, chairs", ,0,0,1,0,0,0,0,0,1,0,1
613,14,1,1152,1,2,2,"5,6","3,8,9","flag, flooding", ,0,0,1,0,0,0,0,1,1,0,0
614,14,1,1156,1,3,2,5,"3,8","car, debris, wood, bricks", ,0,0,1,0,0,0,0,1,0,0,0
615,14,1,1157,1,4,2,"5,6","3,6,8,9","boats, flooding, rescues, street", ,0,0,1,0,0,1,0,1,1,0,0
616,14,1,1166,1,2,2,"5,6","2,3,8,9","dog, flooding", ,0,1,1,0,0,0,0,1,1,0,0
617,14,1,1174,1,1,3,8,"10,11","supportive, texas, heart",fraternity,0,0,0,0,0,0,0,0,0,1,1
618,14,1,1176,1,3,2,"5,9","3,6,8,9","boat, border patrol, flooding", ,0,0,1,0,0,1,0,1,1,0,0
619,14,1,1189,1,1,2,"7,9","8,9","Trump, Melania Trump", ,0,0,0,0,0,0,0,1,1,0,0
620,14,1,119,1,4,2,"5,7","3,6,8,9","boats, flooding", ,0,0,1,0,0,1,0,1,1,0,0
621,14,1,1191,1,3,2,"7,9","3,6,8,9","Trump, boat, flooding",CNN,0,0,1,0,0,1,0,1,1,0,0
622,14,1,1194,2,1,2,7,9,news anchors, ,0,0,0,0,0,0,0,0,1,0,0
623,14,1,1201,1,2,2,"5,7","3,11","map, radar", ,0,0,1,0,0,0,0,0,0,0,1
624,14,1,1202,1,4,2,"5,6,8","3,6,8,9,10","rescue, boats, flooding", ,0,0,1,0,0,1,0,1,1,1,0
625,14,1,1207,2,0,2,7,"8,9,11","news report, male",Bloomberg,0,0,0,0,0,0,0,1,1,0,1
626,14,1,1209,1,1,2,"6,8","2,5,8,9","truck , dog, gas station", ,0,1,0,0,1,0,0,1,1,0,0
627,14,1,121,1,2,2,7,11,"earth, hurricane, satellite", ,0,0,0,0,0,0,0,0,0,0,1
628,14,1,1218,0,0, , ,9,Sandra Bullock, ,0,0,0,0,0,0,0,0,1,0,0
629,14,1,123,2,0, , ,8,"clouds, sun", ,0,0,0,0,0,0,0,1,0,0,0
630,14,1,1231,2,0, , ,"6,8","airplane, United Airlines, supplies", ,0,0,0,0,0,1,0,1,0,0,0
631,14,1,1244,1,3,2,5,3,"flooding, stairs, home", ,0,0,1,0,0,0,0,0,0,0,0
632,14,1,13,1,2,"2,3",5,"3,6,8","flooding, kayak, cars, trucks, home, highway", ,0,0,1,0,0,1,0,1,0,0,0
633,14,1,151,1,2,2,"5,7","3,8,9","forecast, news report",CBS,0,0,1,0,0,0,0,1,1,0,0
634,14,1,155,1,2,2,7,11,"map, radar, forecast", ,0,0,0,0,0,0,0,0,0,0,1
635,14,1,160,2,0, , ,11,"concert, band", ,0,0,0,0,0,0,0,0,0,0,1
636,14,1,161,1,3,2,"5,8,9","3,6,8,9","boats, rescue, flooding", ,0,0,1,0,0,1,0,1,1,0,0
637,14,1,165,1,4,2,"5,8","3,6,8,9","rafts, boat, flooding, evauation", ,0,0,1,0,0,1,0,1,1,0,0
638,14,1,174,1,0, , ,9,Bill Clinton, ,0,0,0,0,0,0,0,0,1,0,0
639,14,1,19,2,0, , ,9,"guitar, musician", ,0,0,0,0,0,0,0,0,1,0,0
640,14,1,195,0,0, , ,9,Sandra Bullock, ,0,0,0,0,0,0,0,0,1,0,0
641,14,1,211,1,4,2,5,"3,8","van, crashed, flooding, water", ,0,0,1,0,0,0,0,1,0,0,0
642,14,1,234,2,0, , ,2,"dogs, puppies", ,0,1,0,0,0,0,0,0,0,0,0
643,14,1,235,2,0, , , ,"trump, political, joke", ,0,0,0,0,0,0,0,0,0,0,0
644,14,1,238,2,0, , ,9,police officer, ,0,0,0,0,0,0,0,0,1,0,0
645,14,1,243,1,4,2,"5,6,8","2,3,8,9","dog, rescue, water", ,0,1,1,0,0,0,0,1,1,0,0
646,14,1,251,1,4,2,5,"3,8","house, flooding", ,0,0,1,0,0,0,0,1,0,0,0
647,14,1,265,1,1,3,8,7,"screenshot, conspiracy", ,0,0,0,0,0,0,1,0,0,0,0
648,14,1,269,1,1,2,"6,9","6,8,9","fire department, cars", ,0,0,0,0,0,1,0,1,1,0,0
649,14,1,277,2,0, , ,9,police officer, ,0,0,0,0,0,0,0,0,1,0,0
650,14,1,285,1,2,"1,2","7,8,9",11,"annoucement, groceries", ,0,0,0,0,0,0,0,0,0,0,1
651,14,1,289,1,4,2,"5,6","3,8,9","flooding, children, water", ,0,0,1,0,0,0,0,1,1,0,0
652,14,1,292,1,1,2,9,"6,8,9,10","American Red Cross, van, disaster relief", ,0,0,0,0,0,1,0,1,1,1,0
653,14,1,295,0,0, , ,9,JJ Watt, ,0,0,0,0,0,0,0,0,1,0,0
654,14,1,303,1,1,3,8,"6,8,9","meme, boats, highway", ,0,0,0,0,0,1,0,1,1,0,0
655,14,1,319,1,2,2,"6,7","8,11","gas pump, out of order", ,0,0,0,0,0,0,0,1,0,0,1
656,14,1,357,1,4,2,5,"3,8","flooding, homes", ,0,0,1,0,0,0,0,1,0,0,0
657,14,1,387,1,4,2,"5,6,8","3,8","house, destruction, debris", ,0,0,1,0,0,0,0,1,0,0,0
658,14,1,404,1,2,2,8,11,"list, rescuers","phone number, name, location",0,0,0,0,0,0,0,0,0,0,1
659,14,1,406,1,3,2,5,"3,8","houses, fence, flooding", ,0,0,1,0,0,0,0,1,0,0,0
660,14,1,415,1,2,2,7,11,"map, forecast",speeds,0,0,0,0,0,0,0,0,0,0,1
661,14,1,422,0,0, , ,9,Kardashians, ,0,0,0,0,0,0,0,0,1,0,0
662,14,1,439,1,4,2,"5,8","2,6,8,9","horses, truck", ,0,1,0,0,0,1,0,1,1,0,0
663,14,1,45,1,4,2,5,"2,3,8,9","dog, flooding", ,0,1,1,0,0,0,0,1,1,0,0
664,14,1,452,1,2,2,7, ,"map, radar",NOAA,0,0,0,0,0,0,0,0,0,0,0
665,14,1,457,1,1,2,5,"3,8","car, flooding, highway", ,0,0,1,0,0,0,0,1,0,0,0
666,14,1,468,0,1, , ,2,fish, ,0,1,0,0,0,0,0,0,0,0,0
667,14,1,484,1,1,"2,3","5,6,8","2,3,7,8,9","pink floyd, album, comparison, humor, dogs, child", ,0,1,1,0,0,0,1,1,1,0,0
668,14,1,487,1,4,2,"5,6,7","2,3,8,9","horses, rescue, fence, news report",FOX News,0,1,1,0,0,0,0,1,1,0,0
669,14,1,501,1,2,2,"6,7,8","3,6,8,9","Bass Pro Shop, donations, news report, boats",FOX Business Network,0,0,1,0,0,1,0,1,1,0,0
670,14,1,505,2,0,3, ,11,"magazine cover, Nazi, swastika, satire", ,0,0,0,0,0,0,0,0,0,0,1
671,14,1,52,1,3,2,5,"2,8","dogs, boat, rescue", ,0,1,0,0,0,0,0,1,0,0,0
672,14,1,549,1,1,3,8,11,"religion, texas",prayers,0,0,0,0,0,0,0,0,0,0,1
673,14,1,552,1,1,"2,3",5,11,"screenshot, Google, Trump, houses, flooding", ,0,0,0,0,0,0,0,0,0,0,1
674,14,1,576,1,3,2,"7,9",11,"screenshot, Twitter, immigration, shelter",City of Houston,0,0,0,0,0,0,0,0,0,0,1
675,14,1,594,1,1,3,8,11,"texas, heart", ,0,0,0,0,0,0,0,0,0,0,1
676,14,1,6,1,4,2,5,"3,8,9","flooding, rescue, children", ,0,0,1,0,0,0,0,1,1,0,0
677,14,1,607,1,2,2,7,11,"map, radar", ,0,0,0,0,0,0,0,0,0,0,1
678,14,1,623,0,1, , ,"1,11",cartoon,"dollar, price",1,0,0,0,0,0,0,0,0,0,1
679,14,1,628,2,0, , ,"9,11","children, family", ,0,0,0,0,0,0,0,0,1,0,1
680,14,1,642,0,0, , ,"8,9",flyer, ,0,0,0,0,0,0,0,1,1,0,0
681,14,1,643,1,1,3,8, ,"religion, thoughts, supportive",prayers,0,0,0,0,0,0,0,0,0,0,0
682,14,1,645,2,0, , ,"8,11","sky, clouds", ,0,0,0,0,0,0,0,1,0,0,1
683,14,1,655,1,2,2,8,"4,5,6,8,9","truck, water, supplies", ,0,0,0,1,1,1,0,1,1,0,0
684,14,1,690,2,0, , ,"6,8",drone, ,0,0,0,0,0,1,0,1,0,0,0
685,14,1,703,1,4,2,"5,6,9","3,6,8,9","rescue, elderly, police, boat, wheelchair", ,0,0,1,0,0,1,0,1,1,0,0
686,14,1,739,1,2,"2,3","5,8","3,8,11","statue, flooding", ,0,0,1,0,0,0,0,1,0,0,1
687,14,1,74,1,3,"1,2","7,8","10,11","screenshot, Tweet, request, coast guard","Twitter, phone number",0,0,0,0,0,0,0,0,0,1,1
688,14,1,740,2,0, , ,11,"chart, comparison",numbers,0,0,0,0,0,0,0,0,0,0,1
689,14,1,742,1,2,2,"7,8","10,11","sheltor, information","phone numbeer, address",0,0,0,0,0,0,0,0,0,1,1
690,14,1,749,1,4,2,"5,6,7,8","2,3,8,9","flooding, horse, rescue", ,0,1,1,0,0,0,0,1,1,0,0
691,14,1,776,2,0, , ,9,female, ,0,0,0,0,0,0,0,0,1,0,0
692,14,1,786,1,1,2, ,8,"sky, clouds, downtown", ,0,0,0,0,0,0,0,1,0,0,0
693,14,1,788,1,1,2,"8,9","5,9,10","Obama, food", ,0,0,0,0,1,0,0,0,1,1,0
694,14,1,790,2,0,3,8, ,"crochet, rainbow", ,0,0,0,0,0,0,0,0,0,0,0
695,14,1,799,2,0, , ,"8,11","NYPD, police, waves", ,0,0,0,0,0,0,0,1,0,0,1
696,14,1,8,1,2,2,6,9,"shelter, beds", ,0,0,0,0,0,0,0,0,1,0,0
697,14,1,808,0,0, , ,"10,11","blood drive, Oklahoma", ,0,0,0,0,0,0,0,0,0,1,1
698,14,1,812,0,0, , ,"9,11","Paul Ryan, Ted Cruz", ,0,0,0,0,0,0,0,0,1,0,1
699,14,1,819,1,3,2,9,"6,9,11","helicopter, child, helmet", ,0,0,0,0,0,1,0,0,1,0,1
700,14,1,826,1,3,2,5,"3,8","car, flooding, highway, underwater", ,0,0,1,0,0,0,0,1,0,0,0
701,14,1,827,1,1,3,8,11,"screenshot, note, support", ,0,0,0,0,0,0,0,0,0,0,1
702,14,1,841,1,4,2,"5,6","3,6,8,9","boats, rescue", ,0,0,1,0,0,1,0,1,1,0,0
703,14,1,844,1,2,1,"1,9",10,donations,"USA Today, phone number",0,0,0,0,0,0,0,0,0,1,0
704,14,1,845,1,2,2,6,9,"mattress, beds, shelter, sleep", ,0,0,0,0,0,0,0,0,1,0,0
705,14,1,852,1,3,2,"5,7,9","3,8,9","news report, press conference, FEMA, radar, map","cities, FOX News",0,0,1,0,0,0,0,1,1,0,0
706,14,1,857,1,3,2,6,"8,9",mattress, ,0,0,0,0,0,0,0,1,1,0,0
707,14,1,866,0,0, , ,11,"screenshot, schedule", ,0,0,0,0,0,0,0,0,0,0,1
708,14,1,880,1,1,"2,3","7,8,9",11,"warning, quotation, press release", ,0,0,0,0,0,0,0,0,0,0,1
709,14,1,886,1,2,2,"6,8","6,9","bed, shelter", ,0,0,0,0,0,1,0,0,1,0,0
710,14,1,895,1,3,2,5,"3,8",flooding, ,0,0,1,0,0,0,0,1,0,0,0
711,14,1,897,1,3,"1,2,3",8,"3,6,8","Instagram, boat, rescue",handle,0,0,1,0,0,1,0,1,0,0,0
712,14,1,908,2,0,2,7,"3,8,11","news report, Katrina, flooding",Fox,0,0,1,0,0,0,0,1,0,0,1
713,14,1,911,1,2,2,"5,7",11,"chart, rain",inches,0,0,0,0,0,0,0,0,0,0,1
714,14,1,922,1,3,2,5,"3,8","houses, debris", ,0,0,1,0,0,0,0,1,0,0,0
715,14,1,926,1,1,3,8,7,"Tweet, political", ,0,0,0,0,0,0,1,0,0,0,0
716,14,1,927,2,0,2,7,11,"map, radar", ,0,0,0,0,0,0,0,0,0,0,1
717,14,1,942,0,1, , ,9,Trump, ,0,0,0,0,0,0,0,0,1,0,0
718,14,1,946,1,4,2,"5,6,9","3,8,9","refrigerator, flooding, evauation, child", ,0,0,1,0,0,0,0,1,1,0,0
719,14,1,951,1,2,2,7,11,"map, radar",ABC,0,0,0,0,0,0,0,0,0,0,1
720,14,1,962,1,2,2,5,"3,9","debris, home", ,0,0,1,0,0,0,0,0,1,0,0
721,14,1,927,1,2,1,1,10,"child, diapers, support","address, time",0,0,0,0,0,0,0,0,0,1,0
722,14,1,985,1,2,2,"6,9","6,8,9","boats, trailer, gas", ,0,0,0,0,0,1,0,1,1,0,0
723,14,1,991,1,2,1,8,10,"donations, text",dollar,0,0,0,0,0,0,0,0,0,1,0
724,15,1,188,1,1,3,"6,8",7,"Trump, cartoon", ,0,0,0,0,0,0,1,0,0,0,0
725,15,1,1012,0,0, , ,11,map, ,0,0,0,0,0,0,0,0,0,0,1
726,15,1,103,1,2,2,5,"3,8,11","flooding, industrial, street", ,0,0,1,0,0,0,0,1,0,0,1
727,15,1,108,1,2,2,7,11,"radar, map",time,0,0,0,0,0,0,0,0,0,0,1
728,15,1,135,2,0, ,"6,8",11,"flag, sky, America", ,0,0,0,0,0,0,0,0,0,0,1
729,15,1,147,1,1,3,8,11,"texas, religion, heart","prayers, hashtag",0,0,0,0,0,0,0,0,0,0,1
730,15,1,153,2,0,2,5,"8,9","flooding, mountain", ,0,0,0,0,0,0,0,1,1,0,0
731,15,1,158,1,2,2,5,"2,8","birds, trash, highway", ,0,1,0,0,0,0,0,1,0,0,0
732,15,1,169,1,2,2,7,11,"radar, dark", ,0,0,0,0,0,0,0,0,0,0,1
733,15,1,172,1,3,2,"5,7","3,8,9","magazine, cover, flooding, houses, trees", ,0,0,1,0,0,0,0,1,1,0,0
734,15,1,176,1,4,2,"5,6,8","6,8,9","flooding, trucks, McDonalds", ,0,0,0,0,0,1,0,1,1,0,0
735,15,1,179,1,2,2,"6,8","4,5,6,8,9","supplies, water bottles", ,0,0,0,1,1,1,0,1,1,0,0
736,15,1,181,1,1,2,7,"9,11","news report, donation, check", ,0,0,0,0,0,0,0,0,1,0,1
737,15,1,184,1,2,2,"5,6,7,9","6,8,9","press conference, boats, news report","times, CNN",0,0,0,0,0,1,0,1,1,0,0
738,15,1,185,1,2,2,"5,8",9,shelter, ,0,0,0,0,0,0,0,0,1,0,0
739,15,1,203,2,0, , ,9,musician, ,0,0,0,0,0,0,0,0,1,0,0
740,15,1,214,2,0, , ,11,walmart, ,0,0,0,0,0,0,0,0,0,0,1
741,15,1,216,2,0, , ,"8,9",Louis Vuitton, ,0,0,0,0,0,0,0,1,1,0,0
742,15,1,217,2,0,3,8,11,religion,bible verse,0,0,0,0,0,0,0,0,0,0,1
743,15,1,241,1,4,2,"5,7,8","3,6,8,9","flooding, boats, trucks", ,0,0,1,0,0,1,0,1,1,0,0
744,15,1,249,1,4,2,5,"3,6,8,9","raft, flooding, street", ,0,0,1,0,0,1,0,1,1,0,0
745,15,1,26,2,0, , ,9,JJ Watt, ,0,0,0,0,0,0,0,0,1,0,0
746,15,1,274,1,2,2,5,"3,8","cars, flooding", ,0,0,1,0,0,0,0,1,0,0,0
747,15,1,283,1,2,2,7,11,"map, radar", ,0,0,0,0,0,0,0,0,0,0,1
748,15,1,293,1,3,2,9,"6,8,9","helicopter, rescue, stretcher", ,0,0,0,0,0,1,0,1,1,0,0
749,15,1,306,1,1,3,8,7,"Melania Trump, cartoon", ,0,0,0,0,0,0,1,0,0,0,0
750,15,1,316,1,4,2,5,"3,8","water, highway, bridge, truck, flooding", ,0,0,1,0,0,0,0,1,0,0,0
751,15,1,328,1,2,2,7,11,"map, forecast",cities,0,0,0,0,0,0,0,0,0,0,1
752,15,1,330,1,2,2,5,"3,8","fire, flooding", ,0,0,1,0,0,0,0,1,0,0,0
753,15,1,332,2,0, , ,8,"truck, highway, Google Maps", ,0,0,0,0,0,0,0,1,0,0,0
754,15,1,337,1,4,2,"5,6","2,3,8,9","dog, flooding, rescue, water", ,0,1,1,0,0,0,0,1,1,0,0
755,15,1,344,1,4,2,"5,6,8","2,3,8,9","dog, flooding, trucks", ,0,1,1,0,0,0,0,1,1,0,0
756,15,1,349,1,2,2,"5,8",11,"meme, quotation", ,0,0,0,0,0,0,0,0,0,0,1
757,15,1,355,1,2,2,7,11,"map, forecast", ,0,0,0,0,0,0,0,0,0,0,1
758,15,1,364,1,2,2,"6,7",8,"gasoline, prices","prices, gallons",0,0,0,0,0,0,0,1,0,0,0
759,15,1,365,2,0, , ,2,"dog, support animal", ,0,1,0,0,0,0,0,0,0,0,0
760,15,1,368,1,4,2,5,"3,8","house, flooding, trees", ,0,0,1,0,0,0,0,1,0,0,0
761,15,1,373,2,0, , ,"6,8,11",boat, ,0,0,0,0,0,1,0,1,0,0,1
762,15,1,390,1,3,2,"5,6","3,8,9","flooding, homes, street", ,0,0,1,0,0,0,0,1,1,0,0
763,15,1,398,1,2,2,8,"6,8","boats, trucks", ,0,0,0,0,0,1,0,1,0,0,0
764,15,1,400,1,2,2,5,"3,8","flooding, street", ,0,0,1,0,0,0,0,1,0,0,0
765,15,1,411,1,2,2,7,11,"news report, chart, gasoline prices","months, dollars per barrel",0,0,0,0,0,0,0,0,0,0,1
766,15,1,413,1,2,2,"5,6","2,8",dog, ,0,1,0,0,0,0,0,1,0,0,0
767,15,1,417,1,1,"2,3","6,8",9,"screenshot, facebook post, national guard, mattress", ,0,0,0,0,0,0,0,0,1,0,0
768,15,1,423,2,0, , ,5,corn, ,0,0,0,0,1,0,0,0,0,0,0
769,15,1,430,2,0, , ,9,Trump, ,0,0,0,0,0,0,0,0,1,0,0
770,15,1,436,1,1,3,"6,8",7,"cartoon,  Trump, satire", ,0,0,0,0,0,0,1,0,0,0,0
771,15,1,448,1,2,2,9, ,PSA,"phone number, 2-1-1",0,0,0,0,0,0,0,0,0,0,0
772,15,1,465,1,4,2,"5,6","3,6,8,9","boat, raft, flooding, rescue, homes", ,0,0,1,0,0,1,0,1,1,0,0
773,15,1,497,1,1,2,7,11,map, ,0,0,0,0,0,0,0,0,0,0,1
774,15,1,516,1,1,2,"7,9",9,"Trump, Melania Trump", ,0,0,0,0,0,0,0,0,1,0,0
775,15,1,517,1,3,2,7,"3,6,8,9","rescue, flooding, boats, family", ,0,0,1,0,0,1,0,1,1,0,0
776,15,1,52,1,2,2,5,"3,8","meme, flooding, home", ,0,0,1,0,0,0,0,1,0,0,0
777,15,1,54,1,3,2,5,"3,6,8,9","helicopter, flooding, homes", ,0,0,1,0,0,1,0,1,1,0,0
778,15,1,548,1,1,2,7,11,"map,", ,0,0,0,0,0,0,0,0,0,0,1
779,15,1,571,1,3,2,5,"3,8,11","Waffle House, debris", ,0,0,1,0,0,0,0,1,0,0,1
780,15,1,573,1,2,2,9,"6,8,11","American Red Cross, truck, supplies", ,0,0,0,0,0,1,0,1,0,0,1
781,15,1,582,1,2,2,7,11,"map, forecast","mph, Fox, speeds",0,0,0,0,0,0,0,0,0,0,1
782,15,1,59,1,3,2,5,3,"damage, home. paint cans", ,0,0,1,0,0,0,0,0,0,0,0
783,15,1,599,1,1,2,9,"6,8,9","police, truck, street", ,0,0,0,0,0,1,0,1,1,0,0
784,15,1,604,1,1,3,"6,8",11,"support, religion, Astros, boy",prayers,0,0,0,0,0,0,0,0,0,0,1
785,15,1,613,2,0, , ,9,"celebrity, Carrie Underwood", ,0,0,0,0,0,0,0,0,1,0,0
786,15,1,66,2,0, , ,9,"Drake, celebrity", ,0,0,0,0,0,0,0,0,1,0,0
787,15,1,67,1,1,"2,3","6,9","6,9","officials, group, police", ,0,0,0,0,0,1,0,0,1,0,0
788,15,1,673,1,1,"2,3","6,8",11,"meme, political, warning, donations", ,0,0,0,0,0,0,0,0,0,0,1
789,15,1,679,1,2,2,7,"8,9","news report, flooding, highway", ,0,0,0,0,0,0,0,1,1,0,0
790,15,1,685,2,0, , ,8,"highway, car", ,0,0,0,0,0,0,0,1,0,0,0
791,15,1,697,2,0, , ,9,"celebrity, Kim Kardashian", ,0,0,0,0,0,0,0,0,1,0,0
792,15,1,704,0,0, , ,9,JJ Watt, ,0,0,0,0,0,0,0,0,1,0,0
793,15,1,708,1,2,2,7,10,"news report, donations","NBC, Telemundo",0,0,0,0,0,0,0,0,0,1,0
794,15,1,711,1,2,2,"5,7",11,"map, radar, rain", ,0,0,0,0,0,0,0,0,0,0,1
795,15,1,718,1,1,3,"6,8", ,"cartoon, political, satire", ,0,0,0,0,0,0,0,0,0,0,0
796,15,1,72,2,0, , ,8,"baseball field, Minute Maid Park", ,0,0,0,0,0,0,0,1,0,0,0
797,15,1,722,1,4,2,"5,6,8","3,6,8,9","flooding, boats", ,0,0,1,0,0,1,0,1,1,0,0
798,15,1,728,2,0,2,7,11,"banner, graphic, news", ,0,0,0,0,0,0,0,0,0,0,1
799,15,1,730,2,0, , ,11,"quote, inspiration", ,0,0,0,0,0,0,0,0,0,0,1
800,15,1,738,1,2,2,7,9,"screenshot, Twitter, Spanish, press conference", ,0,0,0,0,0,0,0,0,1,0,0
801,15,1,790,2,0, , ,9,"males, computers", ,0,0,0,0,0,0,0,0,1,0,0
802,15,1,791,1,2,2,6,9,"shelter, books, children", ,0,0,0,0,0,0,0,0,1,0,0
803,15,1,793,1,2,2,9,10,"donations, American Red Cross","address, phone number",0,0,0,0,0,0,0,0,0,1,0
804,15,1,795,2,0,3,9,9,"volunteers, American Red Cross, celebrity", ,0,0,0,0,0,0,0,0,1,0,0
805,15,1,8,1,2,2,7,"3,11","Spanish, flooding, meme", ,0,0,1,0,0,0,0,0,0,0,1
806,15,1,800,2,0, , ,"8,11","industrial, water", ,0,0,0,0,0,0,0,1,0,0,1
807,15,1,803,1,1,2,"6,8","8,11","sky, graffiti",Houston,0,0,0,0,0,0,0,1,0,0,1
808,15,1,82,1,4,2,6,"2,6,9","snakes, turtle, dog, longhorn, flooding", ,0,1,0,0,0,1,0,0,1,0,0
809,15,1,833,1,4,2,5,"3,8","flooding, home, tree", ,0,0,1,0,0,0,0,1,0,0,0
810,15,1,852,1,2,2,7,11,"map, traffic", ,0,0,0,0,0,0,0,0,0,0,1
811,15,1,855,1,4,2,"5,8,9","3,8,9","rescue, flooding", ,0,0,1,0,0,0,0,1,1,0,0
812,15,1,858,1,4,2,5,"3,6,9","flooding, shelter, bleachers, crowd", ,0,0,1,0,0,1,0,0,1,0,0
813,15,1,86,1,4,2,5,"3,8","cars, flooding, fence", ,0,0,1,0,0,0,0,1,0,0,0
814,15,1,884,1,2,2,"6,8","8,11","gas pump, gasoline, shortage, advisory", ,0,0,0,0,0,0,0,1,0,0,1
815,15,1,911,1,1,3,8,11,"flooding, religion",bible verse,0,0,0,0,0,0,0,0,0,0,1
816,15,1,917,0,0, , ,9,"celebrities, Kim Kardasian, Kardasian", ,0,0,0,0,0,0,0,0,1,0,0
817,15,1,927,2,0, , ,"9,11",Paul Ryan, ,0,0,0,0,0,0,0,0,1,0,1
818,15,1,947,0,0, , ,9,"celebrity, Drake", ,0,0,0,0,0,0,0,0,1,0,0
819,15,1,950,1,2,2,5,"3,8","flooding, water tower, water, tank, fence", ,0,0,1,0,0,0,0,1,0,0,0
820,15,1,958,1,3,"2,3","6,8","9,11","screenshot, Gas Buddy, gasoline, shortage",address,0,0,0,0,0,0,0,0,1,0,1
821,15,1,984,1,4,2,"5,7,8","3,8,9","baby, rescue, anchor, news report",FOX News,0,0,1,0,0,0,0,1,1,0,0
822,15,1,986,1,4,2,5,"3,8","car, underwater, Mercedes Benz, flooding, submerged", ,0,0,1,0,0,0,0,1,0,0,0
823,15,1,991,0,0, , ,9,"celebrity, Taraji P. Henson", ,0,0,0,0,0,0,0,0,1,0,0
824,16,1,101,1,2,2,5,"3,8,11","flooding, water, field", ,0,0,1,0,0,0,0,1,0,0,1
825,16,1,12,1,2,2,7,11,"graphic, information", ,0,0,0,0,0,0,0,0,0,0,1
826,16,1,137,1,4,2,5,"3,8","flooding, homes, aerial", ,0,0,1,0,0,0,0,1,0,0,0
827,16,1,143,1,2,2,7,11,"map, radar", ,0,0,0,0,0,0,0,0,0,0,1
828,16,1,150,2,0, , ,9,JJ Watt, ,0,0,0,0,0,0,0,0,1,0,0
829,16,1,155,1,3,2,"5,6","3,5,6,8,9","pizza, kayak, flooding, water", ,0,0,1,0,1,1,0,1,1,0,0
830,16,1,159,0,0, , ,7, , ,0,0,0,0,0,0,1,0,0,0,0
831,16,1,163,1,2,2,7,8,"news report, fog", ,0,0,0,0,0,0,0,1,0,0,0
832,16,1,167,0,0, , ,9,"Beyonce, celebrity", ,0,0,0,0,0,0,0,0,1,0,0
833,16,1,18,1,2,2,"5,6,8","3,5,6,8,9","pizza, kayak, flooding, water", ,0,0,1,0,1,1,0,1,1,0,0
834,16,1,196,2,0, , ,"8,11",industrial, ,0,0,0,0,0,0,0,1,0,0,1
835,16,1,207,1,3,2,5,"3,8","flooding, apartments, cars", ,0,0,1,0,0,0,0,1,0,0,0
836,16,1,215,1,1,3,"6,8",7,meme, ,0,0,0,0,0,0,1,0,0,0,0
837,16,1,23,1,4,2,5,"3,9","car, underwater, bridge, water, flooding", ,0,0,1,0,0,0,0,0,1,0,0
838,16,1,232,1,2,2,7,11,"gasoline, gas prices, graphic", ,0,0,0,0,0,0,0,0,0,0,1
839,16,1,239,2,0, , ,11,blurry, ,0,0,0,0,0,0,0,0,0,0,1
840,16,1,271,2,0, , ,11,"planes, sky", ,0,0,0,0,0,0,0,0,0,0,1
841,16,1,293,0,1,2,7,11,weather forecast, ,0,0,0,0,0,0,0,0,0,0,1
842,16,1,296,0,0,2,7,11,"forecast, Irma", ,0,0,0,0,0,0,0,0,0,0,1
843,16,1,305,2,0, , ,9,JJ Watt, ,0,0,0,0,0,0,0,0,1,0,0
844,16,1,31,0,2,2,7,11,"Irma, forecast", ,0,0,0,0,0,0,0,0,0,0,1
845,16,1,314,1,2,"2,3","6,8",10,"donations, support, Houston pride", ,0,0,0,0,0,0,0,0,0,1,0
846,16,1,317,2,0, , ,8,"church, grass", ,0,0,0,0,0,0,0,1,0,0,0
847,16,1,32,1,2,2,6,"8,9,11","gas shortage, store", ,0,0,0,0,0,0,0,1,1,0,1
848,16,1,326,2,0, , ,2,squirrel, ,0,1,0,0,0,0,0,0,0,0,0
849,16,1,329,2,0, , ,"2,8,9","dog, puppy", ,0,1,0,0,0,0,0,1,1,0,0
850,16,1,337,1,2,2,7,9,"news anchor, Katrina, Henry", ,0,0,0,0,0,0,0,0,1,0,0
851,16,1,338,0,0, , ,11,"logo, NBC", ,0,0,0,0,0,0,0,0,0,0,1
852,16,1,346,0,0, , ,9, , ,0,0,0,0,0,0,0,0,1,0,0
853,16,1,352,1,3,2,"5,6","3,8,9","flooding, street, homes", ,0,0,1,0,0,0,0,1,1,0,0
854,16,1,354,1,1,3,8, ,"Houston Pride, houston texans, heart", ,0,0,0,0,0,0,0,0,0,0,0
855,16,1,357,0,0, , ,"8,9","football, Dallas Cowboys", ,0,0,0,0,0,0,0,1,1,0,0
856,16,1,358,1,2,2,7,11,"map, radar, Irma, Harvey", ,0,0,0,0,0,0,0,0,0,0,1
857,16,1,366,1,3,2,"5,6","3,8,9","canoe, flooding, car, water", ,0,0,1,0,0,0,0,1,1,0,0
858,16,1,373,1,3,2,5,"3,8","flooding, car", ,0,0,1,0,0,0,0,1,0,0,0
859,17,1,247,0,0, , ,9,graduation, ,0,0,0,0,0,0,0,0,1,0,0
860,18,2,292,1,2,2,5,"3,8","sand, car", ,0,0,1,0,0,0,0,1,0,0,0
861,18,2,105,1,1,2,"5,7","3,6,8,9","boat, flooding", ,0,0,1,0,0,1,0,1,1,0,0
862,18,2,106,1,3,2,"5,6","2,3,8,9","dogs, flooding, street", ,0,1,1,0,0,0,0,1,1,0,0
863,18,2,109,1,3,2,5,"3,8","houses, flooding", ,0,0,1,0,0,0,0,1,0,0,0
864,18,2,11,1,2,2,5,"3,8,9","waves, wind, rain", ,0,0,1,0,0,0,0,1,1,0,0
865,18,2,114,1,1,"2,3","6,8","5,7,11","screenshot, Twitter, grocery, meme", ,0,0,0,0,1,0,1,0,0,0,1
866,18,2,128,2,0, , ,9,"politican, microphone", ,0,0,0,0,0,0,0,0,1,0,0
867,18,2,137,1,1,2,"7,9","9,10,11","Trump,  HEB, American Red Cross", ,0,0,0,0,0,0,0,0,1,1,1
868,18,2,170,0,0, , ,9,"celebrity, Pink", ,0,0,0,0,0,0,0,0,1,0,0
869,18,2,175,2,0,2,7,"8,9","Trump, ice bucket challenge", ,0,0,0,0,0,0,0,1,1,0,0
870,18,2,178,0,0, , ,11,"religion, support, American flag", ,0,0,0,0,0,0,0,0,0,0,1
871,18,2,182,1,2,"2,3","5,6","3,8,9","suprise, shock", ,0,0,1,0,0,0,0,1,1,0,0
872,18,2,188,1,4,2,5,"3,8","home, flooding, trees", ,0,0,1,0,0,0,0,1,0,0,0
873,18,2,213,0,0, , ,9,"old movie, black and white", ,0,0,0,0,0,0,0,0,1,0,0
874,18,2,218,1,1,2,"6,9",9,"Trump, shelter, games, child", ,0,0,0,0,0,0,0,0,1,0,0
875,18,2,228,1,2,2,7,11,"map, radar", ,0,0,0,0,0,0,0,0,0,0,1
876,18,2,260,1,2,"2,3","6,8","6,10",supplies, ,0,0,0,0,0,1,0,0,0,1,0
877,18,2,270,1,1,3,"7,8",11,"Trump, cartoon, satire", ,0,0,0,0,0,0,0,0,0,0,1
878,18,2,271,2,0, , ,9,family, ,0,0,0,0,0,0,0,0,1,0,0
879,18,2,298,0,0, , ,9,celebrity, ,0,0,0,0,0,0,0,0,1,0,0
880,18,2,303,1,4,2,"5,6","3,8,9","flooding, home", ,0,0,1,0,0,0,0,1,1,0,0
881,18,2,311,1,2,2,"5,6","2,8",dog, ,0,1,0,0,0,0,0,1,0,0,0
882,18,2,326,1,2,2,"7,9","6,9","military, helicopter", ,0,0,0,0,0,1,0,0,1,0,0
883,18,2,33,1,4,2,"5,6,8","3,6,8,9","rescue, boat, child, flooding", ,0,0,1,0,0,1,0,1,1,0,0
884,18,2,334,2,0, , ,"2,8","dog, cage", ,0,1,0,0,0,0,0,1,0,0,0
885,18,2,335,1,2,2,6,9,"shelter, prayer", ,0,0,0,0,0,0,0,0,1,0,0
886,18,2,353,0,0, , ,"7,9","Trump, meme", ,0,0,0,0,0,0,1,0,1,0,0
887,18,2,358,1,3,2,5,"3,8","flooding, homes, trees", ,0,0,1,0,0,0,0,1,0,0,0
888,18,2,367,1,2,2,"6,8","9,11",elderly, ,0,0,0,0,0,0,0,0,1,0,1
889,18,2,370,1,3,2,5,"3,8,9","flooding, home, life jacket, car", ,0,0,1,0,0,0,0,1,1,0,0
890,18,2,386,1,1,"2,3","5,6,8","3,9","drywall, home, construction, debris", ,0,0,1,0,0,0,0,0,1,0,0
891,18,2,388,1,2,2,7,"3,6,8,9","Sean Lowe, boat, news report", ,0,0,1,0,0,1,0,1,1,0,0
892,18,2,393,0,0, , ,9,"Suits, TV show", ,0,0,0,0,0,0,0,0,1,0,0
893,18,2,41,0,0, , ,"2,8,9","celebrity, Sandra Bullock, cat", ,0,1,0,0,0,0,0,1,1,0,0
894,18,2,59,2,0, , ,9,"phones, group", ,0,0,0,0,0,0,0,0,1,0,0
895,18,2,60,0,0, , ,"9,11","Astros, Houston, baseball, jersey", ,0,0,0,0,0,0,0,0,1,0,1
896,18,2,63,1,2,2,7,11,"map, radar, forecast", ,0,0,0,0,0,0,0,0,0,0,1
897,18,2,75,2,0,2,7,8,"jet, Air Force One", ,0,0,0,0,0,0,0,1,0,0,0
898,18,2,89,1,2,2,5,"3,8,9","waves, wind", ,0,0,1,0,0,0,0,1,1,0,0
899,19,2,103,1,2,2,"6,7",8,"sign, looting, news report", ,0,0,0,0,0,0,0,1,0,0,0
900,19,2,12,0,0, , ,9,"selfie, Snapchat, filter", ,0,0,0,0,0,0,0,0,1,0,0
901,19,2,153,1,1,2,6,9,American Red Cross, ,0,0,0,0,0,0,0,0,1,0,0
902,19,2,156,0,0,2,7,11,"map, radar, forecast, Irma, Caribbean", ,0,0,0,0,0,0,0,0,0,0,1
903,19,2,157,2,0, , ,"8,9","children, shark, fake", ,0,0,0,0,0,0,0,1,1,0,0
904,19,2,163,2,0,2,7,"2,9","dog, children", ,0,1,0,0,0,0,0,0,1,0,0
905,19,2,169,0,0, , ,"2,7",lizzard, ,0,1,0,0,0,0,1,0,0,0,0
906,19,2,18,1,2,2,5,"3,9","house, inside, flooding", ,0,0,1,0,0,0,0,0,1,0,0
907,19,2,186,1,1,2, ,"4,6","crates, bottles, supplies", ,0,0,0,1,0,1,0,0,0,0,0
908,19,2,21,2,0, , ,9,"political, microphone", ,0,0,0,0,0,0,0,0,1,0,0
909,19,2,216,1,1,2,"5,6,8","3,8","American flag, debris", ,0,0,1,0,0,0,0,1,0,0,0
910,19,2,225,1,1,2,5,"3,9","church, cross, debris, stained glass", ,0,0,1,0,0,0,0,0,1,0,0
911,19,2,232,1,2,2,5,"3,8","flooding, homes", ,0,0,1,0,0,0,0,1,0,0,0
912,19,2,249,2,0,2,7,11,black, ,0,0,0,0,0,0,0,0,0,0,1
913,19,2,254,1,2,2,9,"6,8,9,10","National Guard, trucks", ,0,0,0,0,0,1,0,1,1,1,0
914,19,2,255,1,2,"2,3","6,8","3,8,9",hugs, ,0,0,1,0,0,0,0,1,1,0,0
915,19,2,262,2,0,3,8,"8,9,11","mustang, texas flag, texas pride, car", ,0,0,0,0,0,0,0,1,1,0,1
916,19,2,272,2,0, , ,9,"selfie, boy", ,0,0,0,0,0,0,0,0,1,0,0
917,19,2,276,1,2,2,8,10,"screenshot, donations, list", ,0,0,0,0,0,0,0,0,0,1,0
918,19,2,289,1,1,2,"5,6,8","3,9","construction, cleanup", ,0,0,1,0,0,0,0,0,1,0,0
919,19,2,292,1,1,2,"6,9",9,"Trump, American Red Cross", ,0,0,0,0,0,0,0,0,1,0,0
920,19,2,300,0,0,2,7,11,"map, radar, forecast, Caribbean", ,0,0,0,0,0,0,0,0,0,0,1
921,19,2,316,0,0, , ,"8,9","photo shoot, fashion", ,0,0,0,0,0,0,0,1,1,0,0
922,19,2,318,2,0, , ,"9,11","speaker, microphone, painting", ,0,0,0,0,0,0,0,0,1,0,1
923,19,2,326,1,1,3,"6,8","8,9","American flag, Texas flag, pride, military", ,0,0,0,0,0,0,0,1,1,0,0
924,19,2,330,1,1,"2,3","6,8","4,8,9","donations, water, water bottles", ,0,0,0,1,0,0,0,1,1,0,0
925,19,2,338,2,0, , ,"8,9,11","firefighter, hose", ,0,0,0,0,0,0,0,1,1,0,1
926,19,2,39,1,1,3,8,11,"cartoon, political", ,0,0,0,0,0,0,0,0,0,0,1
927,19,2,4,1,4,2,"5,6,8","3,6,8,9","boat, flooding, rescue", ,0,0,1,0,0,1,0,1,1,0,0
928,19,2,49,2,0, , ,9, , ,0,0,0,0,0,0,0,0,1,0,0
929,19,2,55,1,2,2,7,11,"sateliitle, hurricane", ,0,0,0,0,0,0,0,0,0,0,1
930,19,2,8,2,0, , ,"5,8,9",Whataburger, ,0,0,0,0,1,0,0,1,1,0,0
931,19,2,84,2,0, , ,"9,11","group, crowd, concert, ceremony", ,0,0,0,0,0,0,0,0,1,0,1
932,19,2,94,1,1,"2,3","6,8",11,"BMW, car, lifted", ,0,0,0,0,0,0,0,0,0,0,1
933,20,2,104,1,2,2,7,11,satellite, ,0,0,0,0,0,0,0,0,0,0,1
934,20,2,108,1,2,2,7,11,"map, radar, sateliitle", ,0,0,0,0,0,0,0,0,0,0,1
935,20,2,111,1,2,3,7,10,"desk, headsets", ,0,0,0,0,0,0,0,0,0,1,0
936,20,2,143,1,1,2,5,"3,8,9",mattress, ,0,0,1,0,0,0,0,1,1,0,0
937,20,2,155,1,1,3,8,11,"PSA, tips", ,0,0,0,0,0,0,0,0,0,0,1
938,20,2,171,1,1,2,7,11,"graphic, information", ,0,0,0,0,0,0,0,0,0,0,1
939,20,2,173,0,0, , ,11,chart, ,0,0,0,0,0,0,0,0,0,0,1
940,20,2,177,1,3,2,5,8,flooding, ,0,0,0,0,0,0,0,1,0,0,0
941,20,2,184,2,0, , ,9, , ,0,0,0,0,0,0,0,0,1,0,0
942,20,2,190,0,0, , ,7,hurricane Matthew, ,0,0,0,0,0,0,1,0,0,0,0
943,20,2,193,0,0, , ,9,"Ariana Grande, celebrity", ,0,0,0,0,0,0,0,0,1,0,0
944,20,2,213,0,2,2,7,11,"map, forecast, Irma, Caribbean", ,0,0,0,0,0,0,0,0,0,0,1
945,20,2,22,0,0, , ,9,"Beyone, celebrity", ,0,0,0,0,0,0,0,0,1,0,0
946,20,2,222,1,1,3,"8,9","8,9","group, Texas Flag", ,0,0,0,0,0,0,0,1,1,0,0
947,20,2,236,1,2,2,7,11,satelitte, ,0,0,0,0,0,0,0,0,0,0,1
948,20,2,24,1,1,3,8,7,"Rick and Morty, tv show", ,0,0,0,0,0,0,1,0,0,0,0
949,20,2,247,1,4,2,"5,6,9","3,6,8,9","flooding, street, boats, trucks", ,0,0,1,0,0,1,0,1,1,0,0
950,20,2,253,1,2,2,7,11,"map, radar", ,0,0,0,0,0,0,0,0,0,0,1
951,20,2,26,1,1,3,8,7,"meme, map", ,0,0,0,0,0,0,1,0,0,0,0
952,20,2,264,0,0,2,7,8,"news report, wildfire", ,0,0,0,0,0,0,0,1,0,0,0
953,20,2,265,0,2,2,7,11,"map, radar, Caribbean, Irma", ,0,0,0,0,0,0,0,0,0,0,1
954,20,2,277,2,0, , ,9, , ,0,0,0,0,0,0,0,0,1,0,0
955,20,2,294,1,2,2,5,8,flooding, ,0,0,0,0,0,0,0,1,0,0,0
956,20,2,296,0,2,2,7,11,"map, radar, Caribbean", ,0,0,0,0,0,0,0,0,0,0,1
957,20,2,298,1,2,2,7,11,satellite, ,0,0,0,0,0,0,0,0,0,0,1
958,20,2,328,0,0,2,7,11,"Irma, screenshot, Google News", ,0,0,0,0,0,0,0,0,0,0,1
959,20,2,340,1,3,2,5,"3,8","homes, flooding, cars, trees", ,0,0,1,0,0,0,0,1,0,0,0
960,20,2,359,1,2,2,7,"6,8,9","Trailer, American Red Cross", ,0,0,0,0,0,1,0,1,1,0,0
961,20,2,369,2,0, , ,7,"begging, meme", ,0,0,0,0,0,0,1,0,0,0,0
962,20,2,371,0,3,2,7,11,"map, forecast, Irma", ,0,0,0,0,0,0,0,0,0,0,1
963,20,2,38,1,2,2,5,"2,3,8,9","dog, flooding", ,0,1,1,0,0,0,0,1,1,0,0
964,20,2,399,2,0, , ,9,headset, ,0,0,0,0,0,0,0,0,1,0,0
965,20,2,403,2,0,3, ,"7,11","TV show, firefighter, American Dad, cartoon", ,0,0,0,0,0,0,1,0,0,0,1
966,20,2,411,0,2,2,7,11,"Irma, screenshot, Facebook post, map, radar", ,0,0,0,0,0,0,0,0,0,0,1
967,20,2,420,0,1,3,8,"9,11","support, religion", ,0,0,0,0,0,0,0,0,1,0,1
968,20,2,422,2,0, , ,9,"celebrity, Justin Bieber, Leonardo diCaprio, Hilary Duff", ,0,0,0,0,0,0,0,0,1,0,0
969,20,2,423,0,2,2,7,11,"Jose, map, radar", ,0,0,0,0,0,0,0,0,0,0,1
970,20,2,424,1,2,2,7,11,radar, ,0,0,0,0,0,0,0,0,0,0,1
971,20,2,430,1,3,2,5,"3,8","flooding, homes, boats", ,0,0,1,0,0,0,0,1,0,0,0
972,20,2,434,1,2,2,7,11,"map, radar", ,0,0,0,0,0,0,0,0,0,0,1
973,20,2,443,0,2,2,7,11,"Irma, Caribbean, map, forecast", ,0,0,0,0,0,0,0,0,0,0,1
974,20,2,452,0,2,"2,3","7,9",11,"screenshot, press release, advisory, irma", ,0,0,0,0,0,0,0,0,0,0,1
975,20,2,453,0,2,2,7,11,"weatherperson, map, radar", ,0,0,0,0,0,0,0,0,0,0,1
976,20,2,493,2,0,2,7,"8,11","grass, house, forecaster", ,0,0,0,0,0,0,0,1,0,0,1
977,20,2,5,2,0, , ,9,"celebrity, Billie Joe Armstrong", ,0,0,0,0,0,0,0,0,1,0,0
978,20,2,500,1,1,"2,3","6,8","8,9","debris, group, mask", ,0,0,0,0,0,0,0,1,1,0,0
979,20,2,511,1,4,2,5,"3,8,9","flooding, highway, boat", ,0,0,1,0,0,0,0,1,1,0,0
980,20,2,516,2,0, , ,"7,9","meme, gif, tv show", ,0,0,0,0,0,0,1,0,1,0,0
981,20,2,551,1,4,2,"5,6,9","3,6,8,9","rescue, boat, American flag, military, flooding, house", ,0,0,1,0,0,1,0,1,1,0,0
982,20,2,586,2,0, , ,"9,11","screenshot, Snapchat, child", ,0,0,0,0,0,0,0,0,1,0,1
983,20,2,587,0,0, , ,"8,9","Capitol Hill, politics", ,0,0,0,0,0,0,0,1,1,0,0
984,20,2,594,1,3,2,5,"3,8","flooding, downtown", ,0,0,1,0,0,0,0,1,0,0,0
985,20,2,606,0,0, , ,11,"cars, Florida", ,0,0,0,0,0,0,0,0,0,0,1
986,20,2,614,0,0, , ,11,"Irma, chart", ,0,0,0,0,0,0,0,0,0,0,1
987,20,2,615,0,0, , ,4,alcohol, ,0,0,0,1,0,0,0,0,0,0,0
988,20,2,64,2,0, , ,9,sunglasses, ,0,0,0,0,0,0,0,0,1,0,0
989,20,2,67,1,1,3,8,9,"religion, Joel Osteen", ,0,0,0,0,0,0,0,0,1,0,0
990,20,2,8,1,2,2,5,"3,8,9","debris, mask, truck, clean up", ,0,0,1,0,0,0,0,1,1,0,0
991,20,2,86,0,2,2,7,11,"map, radar, Irma, Caribbean", ,0,0,0,0,0,0,0,0,0,0,1
992,20,2,89,2,0,2,7,9, , ,0,0,0,0,0,0,0,0,1,0,0
993,20,2,9,1,2,2,7,11,radar, ,0,0,0,0,0,0,0,0,0,0,1
994,20,2,95,2,0, , ,9,child, ,0,0,0,0,0,0,0,0,1,0,0
995,27,2,101,0,2,2,7,"8,9,11","Irma, Florida, news report",CNN,0,0,0,0,0,0,0,1,1,0,1
996,27,2,119,2,0,2,7,11,"map, air traffic",locations,0,0,0,0,0,0,0,0,0,0,1
997,27,2,122,2,0, , ,11,"rock, painting", ,0,0,0,0,0,0,0,0,0,0,1
998,27,2,126,2,0, , ,9, , ,0,0,0,0,0,0,0,0,1,0,0
999,27,2,150,1,2,2,5,"3,8","flooding, street", ,0,0,1,0,0,0,0,1,0,0,0
1000,27,2,160,2,0, , ,8,"canal, bridge", ,0,0,0,0,0,0,0,1,0,0,0
1001,27,2,164,2,1,2,"6,8","4,8,9","pepsi, rain", ,0,0,0,1,0,0,0,1,1,0,0
1002,27,2,168,0,0, , ,9, , ,0,0,0,0,0,0,0,0,1,0,0
1003,27,2,173,2,0,"2,3","6,8","3,9","flooding, smoking", ,0,0,1,0,0,0,0,0,1,0,0
1004,27,2,175,0,2,2,7,8,"gas station, line, Irma, cars",Bloomberg,0,0,0,0,0,0,0,1,0,0,0
1005,27,2,185,2,0,2,6,"2,8,9","bird, rain", ,0,1,0,0,0,0,0,1,1,0,0
1006,27,2,186,2,0,2,5,"3,8,9","sand, water, trees", ,0,0,1,0,0,0,0,1,1,0,0
1007,27,2,194,2,0,2,5,3,"map, sky, aerial", ,0,0,1,0,0,0,0,0,0,0,0
1008,27,2,199,1,1,3,8,8,"Texas, field, maze, support", ,0,0,0,0,0,0,0,1,0,0,0
1009,27,2,20,0,0, , ,8,"Los Angeles, gas prices, gasoline",ABC,0,0,0,0,0,0,0,1,0,0,0
1010,27,2,21,1,0, , ,"1,11","screenshot, coffee, promotion", ,1,0,0,0,0,0,0,0,0,0,1
1011,27,2,244,0,0,2,5,"3,8,9","Irma, Florida", ,0,0,1,0,0,0,0,1,1,0,0
1012,27,2,264,1,2,2,5,8,trees, ,0,0,0,0,0,0,0,1,0,0,0
1013,27,2,265,2,0,2,7,"3,8","Lowes, shopping cart, store", ,0,0,1,0,0,0,0,1,0,0,0
1014,27,2,270,0,0,2,7,11,"map, USVI", ,0,0,0,0,0,0,0,0,0,0,1
1015,27,2,283,1,3,2,5,"3,8","debris, wind, rain, trees, boat", ,0,0,1,0,0,0,0,1,0,0,0
1016,27,2,298,2,0,2,"5,6","3,8,9","flooding, buildings, not USA?", ,0,0,1,0,0,0,0,1,1,0,0
1017,27,2,301,2,0, , , ,school bus, ,0,0,0,0,0,0,0,0,0,0,0
1018,27,2,310,1,3,2,5,"3,8","home, destruction", ,0,0,1,0,0,0,0,1,0,0,0
1019,27,2,318,2,0, ,9,9,Trump, ,0,0,0,0,0,0,0,0,1,0,0
1020,27,2,323,1,2,2,7,"10,11","American Red Cross, PSA, annoucement", ,0,0,0,0,0,0,0,0,0,1,1
1021,27,2,331,1,3,2,5,"3,8","homes., flooding, palm tree", ,0,0,1,0,0,0,0,1,0,0,0
1022,27,2,337,2,0, , ,9,celebrity, ,0,0,0,0,0,0,0,0,1,0,0
1023,27,2,344,1,1,2,"7,8,9","9,11","quotation, politics", ,0,0,0,0,0,0,0,0,1,0,1
1024,27,2,38,0,0,2,7,11,"map, USVI", ,0,0,0,0,0,0,0,0,0,0,1
1025,27,2,41,2,0,2, ,"6,8,11","boat, shore, US Coast Guard", ,0,0,0,0,0,1,0,1,0,0,1
1026,27,2,43,0,1, , , ,twin towers, ,0,0,0,0,0,0,0,0,0,0,0
1027,27,2,55,1,1,2,7,11,"list, Hurricane names",years,0,0,0,0,0,0,0,0,0,0,1
1028,27,2,75,2,0,2,"6,7,8","7,9,11","meme. humor, fake news", ,0,0,0,0,0,0,1,0,1,0,1
1029,27,2,84,2,0,2,7,11,"map, aerial", ,0,0,0,0,0,0,0,0,0,0,1
1030,28,2,100,1,2,2,5,"3,8","flooding, street, bridge", ,0,0,1,0,0,0,0,1,0,0,0
1031,28,2,111,0,0, , ,9,selfie, ,0,0,0,0,0,0,0,0,1,0,0
1032,28,2,119,0,0,2,7,9,"Seth Meyers, news report", ,0,0,0,0,0,0,0,0,1,0,0
1033,28,2,138,2,0,2,7,9,child, ,0,0,0,0,0,0,0,0,1,0,0
1034,28,2,139,1,2,2,5,"3,8",baots, ,0,0,1,0,0,0,0,1,0,0,0
1035,28,2,141,1,2,2, ,10,PSA,hashtag,0,0,0,0,0,0,0,0,0,1,0
1036,28,2,157,1,1,"1,2,3","1,8","9,10","celebrity, concert, donations, fundraiser","phone number, website",0,0,0,0,0,0,0,0,1,1,0
1037,28,2,16,1,1,"2,3","7,9",9,"Melania Trump, Twitter, Tweet","handle, Fox News, hashtag",0,0,0,0,0,0,0,0,1,0,0
1038,28,2,163,0,0,2,9,"6,10,11","Caribbean, donations, Irma","numbers, amount",0,0,0,0,0,1,0,0,0,1,1
1039,28,2,171,0,0, , ,2,bird, ,0,1,0,0,0,0,0,0,0,0,0
1040,28,2,174,1,2,2,5,"3,8","wind, palm tree, rain, fence", ,0,0,1,0,0,0,0,1,0,0,0
1041,28,2,183,2,0, , ,8,"pool, water", ,0,0,0,0,0,0,0,1,0,0,0
1042,28,2,188,1,2,2,7,11,"map, weather person, radar", ,0,0,0,0,0,0,0,0,0,0,1
1043,28,2,230,0,0, , ,9, , ,0,0,0,0,0,0,0,0,1,0,0
1044,28,2,235,0,0, , ,5,peanut butter, ,0,0,0,0,1,0,0,0,0,0,0
1045,28,2,236,2,0, , ,"6,8","air force, plane, wings", ,0,0,0,0,0,1,0,1,0,0,0
1046,28,2,243,1,2,2,7,11,"map, forecast",numbers,0,0,0,0,0,0,0,0,0,0,1
1047,28,2,271,1,3,2,"5,8","3,8,9","debris, wood", ,0,0,1,0,0,0,0,1,1,0,0
1048,28,2,274,0,0, , ,9,nun, ,0,0,0,0,0,0,0,0,1,0,0
1049,28,2,277,1,2,"1,2","1,8",10,"fundraiser, request, donations","times, handle, hashtag, phone number, website",0,0,0,0,0,0,0,0,0,1,0
1050,28,2,280,0,1, , ,9,celebrity, ,0,0,0,0,0,0,0,0,1,0,0
1051,28,2,282,1,1,2,5,"3,8","statue, trees, limbs", ,0,0,1,0,0,0,0,1,0,0,0
1052,28,2,291,0,0, , ,11,"chart, Oklahoma", ,0,0,0,0,0,0,0,0,0,0,1
1053,28,2,296,2,0, , ,9,Justin Bieber, ,0,0,0,0,0,0,0,0,1,0,0
1054,28,2,3,1,2,"2,3","5,6,8","3,8,9","American flag, flooding", ,0,0,1,0,0,0,0,1,1,0,0
1055,28,2,305,0,0, , ,9,radio station, ,0,0,0,0,0,0,0,0,1,0,0
1056,28,2,314,2,0, , ,"9,11",group, ,0,0,0,0,0,0,0,0,1,0,1
1057,28,2,35,2,0, , ,"2,8,9,11","cat, guitar, high five", ,0,1,0,0,0,0,0,1,1,0,1
1058,28,2,43,2,0, , ,"8,11","Hollywood, street", ,0,0,0,0,0,0,0,1,0,0,1
1059,28,2,61,0,0, , ,9,Ted Cruz, ,0,0,0,0,0,0,0,0,1,0,0
1060,28,2,73,1,2,2,"5,9","3,6,8,9","debris, palm tree, home, firefighters", ,0,0,1,0,0,1,0,1,1,0,0
1061,28,2,84,0,3,2,5,"3,8","Milo Yiannopoulos, street, Miami, screenshot, Facebook", ,0,0,1,0,0,0,0,1,0,0,0
1062,28,2,90,0,0,3,8,"8,9","elderly, group", ,0,0,0,0,0,0,0,1,1,0,0
1063,29,2,10,1,3,2,5,"3,8","road, flooding", ,0,0,1,0,0,0,0,1,0,0,0
1064,29,2,105,1,2,2,5,"3,8,11","flooding, building, news report, FEMA", ,0,0,1,0,0,0,0,1,0,0,1
1065,29,2,129,1,2,2,7,"9,10","telethon, benefit, donations, celebrity, news report",Fox Business Network,0,0,0,0,0,0,0,0,1,1,0
1066,29,2,136,1,2,2,7,11,"map, radar", ,0,0,0,0,0,0,0,0,0,0,1
1067,29,2,150,1,3,2,5,"3,8","house, car", ,0,0,1,0,0,0,0,1,0,0,0
1068,29,2,155,2,0, , ,"2,11","birds, ocean, waves", ,0,1,0,0,0,0,0,0,0,0,1
1069,29,2,156,1,4,2,5,"3,8","flooding, houses, aerial", ,0,0,1,0,0,0,0,1,0,0,0
1070,29,2,168,0,2,1,1,10,"donations, Irma","website,",0,0,0,0,0,0,0,0,0,1,0
1071,29,2,170,0,0, , ,"8,9", , ,0,0,0,0,0,0,0,1,1,0,0
1072,29,2,176,2,2,2,7,11,"map, radar", ,0,0,0,0,0,0,0,0,0,0,1
1073,29,2,180,2,0,2,"6,8","6,9,10,11","shopping, shopping carts, reciept", ,0,0,0,0,0,1,0,0,1,1,1
1074,29,2,183,2,0, , ,"2,11","sand, sea animal", ,0,1,0,0,0,0,0,0,0,0,1
1075,29,2,208,1,1,"2,3","6,8",7,"cartoon, evacuation, meme, political", ,0,0,0,0,0,0,1,0,0,0,0
1076,29,2,224,2,0,"2,3","6,8",7,meme, ,0,0,0,0,0,0,1,0,0,0,0
1077,29,2,227,2,0, , ,11,map, ,0,0,0,0,0,0,0,0,0,0,1
1078,29,2,229,2,0,2, ,11,"beach, sand, blurred", ,0,0,0,0,0,0,0,0,0,0,1
1079,29,2,232,1,2,"2,3","6,8",10,PSA, ,0,0,0,0,0,0,0,0,0,1,0
1080,29,2,3,2,0,2,7,11,"chart, gas, stocks", ,0,0,0,0,0,0,0,0,0,0,1
1081,29,2,4,0,0,2,7,11,Irma, ,0,0,0,0,0,0,0,0,0,0,1
1082,29,2,40,2,0, , ,"2,8","sea animal, sand", ,0,1,0,0,0,0,0,1,0,0,0
1083,29,2,49,2,0, , ,7,"humor, meme, LBGT", ,0,0,0,0,0,0,1,0,0,0,0
1084,29,2,5,1,1,"2,3","6,8","3,8,9","construction, mucking, debris", ,0,0,1,0,0,0,0,1,1,0,0
1085,29,2,6,1,1,2,"6,8","2,11","screenshot, email, dog", ,0,1,0,0,0,0,0,0,0,0,1
1086,30,2,10,0,0, , ,11,video game, ,0,0,0,0,0,0,0,0,0,0,1
1087,30,2,119,0,0, , ,"1,9","album cover, music", ,1,0,0,0,0,0,0,0,1,0,0
1088,30,2,19,0,0,2,7,9,Tomi Lahren, ,0,0,0,0,0,0,0,0,1,0,0
1089,30,2,24,2,0, , ,9,selfie, ,0,0,0,0,0,0,0,0,1,0,0
1090,30,2,33,2,0, , ,"8,9",Trump,Time Magazine,0,0,0,0,0,0,0,1,1,0,0
1091,30,2,34,1,1,2,"6,7,8,9","4,5,8,9","Trump, Mike Pence, selfie, tent", ,0,0,0,1,1,0,0,1,1,0,0
1092,30,2,37,1,3,2,5,"3,8","flooding, houses, cars", ,0,0,1,0,0,0,0,1,0,0,0
1093,30,2,51,1,2,2,5,"3,11","screenshot, Facebook, PSA", ,0,0,1,0,0,0,0,0,0,0,1
1094,30,2,53,2,0, , ,2,"sea animal, sand", ,0,1,0,0,0,0,0,0,0,0,0
1095,30,2,59,2,0, , ,11,ceiling fan, ,0,0,0,0,0,0,0,0,0,0,1
1096,30,2,78,1,1,1,9,"8,10","Billboard, presidents, Obama, George Bush, Bill Clinton, donations",website,0,0,0,0,0,0,0,1,0,1,0
1097,30,2,87,0,0, , ,11,"logo, news station",ABC,0,0,0,0,0,0,0,0,0,0,1
1098,30,2,93,1,2,2,7,11,"mosquitos, PSA","website, Tweets",0,0,0,0,0,0,0,0,0,0,1
1099,31,2,10,1,2,2,5,"3,8","flooding, high water, street, baricade, closed", ,0,0,1,0,0,0,0,1,0,0,0
1100,31,2,113,0,0,2,7, ,news anchor,CNN,0,0,0,0,0,0,0,0,0,0,0
1101,31,2,12,2,0, , ,"2,9","cat, kitty, cage", ,0,1,0,0,0,0,0,0,1,0,0
1102,31,2,143,2,0, , ,11,logo, ,0,0,0,0,0,0,0,0,0,0,1
1103,31,2,150,0,2,2,7, ,"map, radar, Jose", ,0,0,0,0,0,0,0,0,0,0,0
1104,31,2,162,1,2,2,7,11,graphic, ,0,0,0,0,0,0,0,0,0,0,1
1105,31,2,22,2,0,2, ,8,"palm trees, driveway", ,0,0,0,0,0,0,0,1,0,0,0
1106,31,2,27,2,0, , ,"8,9","donations, jar, money", ,0,0,0,0,0,0,0,1,1,0,0
1107,31,2,44,2,0, , ,"2,9",dogs, ,0,1,0,0,0,0,0,0,1,0,0
1108,31,2,70,1,2,2,"5,7","3,8","American flag, house, flooding, infowars", ,0,0,1,0,0,0,0,1,0,0,0
1109,31,2,75,0,0, , ,11,"TV show, suits, USA Network", ,0,0,0,0,0,0,0,0,0,0,1
1110,31,2,76,1,1,2,"6,8","6,10","shirt, Florida, logo",hashtag,0,0,0,0,0,1,0,0,0,1,0
1111,31,2,79,1,3,2,5,"8,11","truck, flooding", ,0,0,0,0,0,0,0,1,0,0,1
1112,31,2,81,0,0, , , ,"screenshot, Suits, instagram", ,0,0,0,0,0,0,0,0,0,0,0
1113,31,2,85,2,0, , ,11,log, ,0,0,0,0,0,0,0,0,0,0,1
1114,31,2,87,2,0, , ,"8,11","houses, wall", ,0,0,0,0,0,0,0,1,0,0,1
1115,31,2,96,0,0, , ,11,"flag, Pirates", ,0,0,0,0,0,0,0,0,0,0,1
1116,32,2,12,1,3,2,7,11,"map, radar",NOAA,0,0,0,0,0,0,0,0,0,0,1
1117,32,2,17,1,3,2,7,11,"map, radar, tracking, Caribbean","times, locations",0,0,0,0,0,0,0,0,0,0,1
1118,32,2,22,0,0, , ,9,"celebrity, baby", ,0,0,0,0,0,0,0,0,1,0,0
1119,32,2,36,2,0,2, ,"8,11",gasoline,"prices, numbers",0,0,0,0,0,0,0,1,0,0,1
1120,32,2,39,1,2,2,5,"3,8","palm trees, wind, debris", ,0,0,1,0,0,0,0,1,0,0,0
1121,32,2,43,0,0, , ,"8,9",football, ,0,0,0,0,0,0,0,1,1,0,0
1122,32,2,47,0,0, , ,11,"TV show, Suits", ,0,0,0,0,0,0,0,0,0,0,1
1123,32,2,57,1,1, , ,"10,11","donation, flower, campaign",Johnson & Johnson,0,0,0,0,0,0,0,0,0,1,1
1124,32,2,61,1,3,2,5,"3,8","flooding, trailer park, RV, trees", ,0,0,1,0,0,0,0,1,0,0,0
1125,32,2,85,0,2, , ,"10,11","donations, Irma, campaign, map, radar",percentage,0,0,0,0,0,0,0,0,0,1,1
1126,32,2,89,2,0,2, ,"2,8","birds, parrots, rain", ,0,1,0,0,0,0,0,1,0,0,0
1127,32,2,94,0,0, , ,11,"flyer, blu ray, film", ,0,0,0,0,0,0,0,0,0,0,1
